date,name,position,adp
2026-07-11,Josh Allen,QB,1.2
2026-07-11,Bijan Robinson,RB,2.4
2026-07-11,Drake Maye,QB,3.5
2026-07-11,Jahmyr Gibbs,RB,4.5
2026-07-11,Ja'Marr Chase,WR,5.2
2026-07-11,Puka Nacua,WR,6.4
2026-07-11,Jaxon Smith-Njigba,WR,7.2
2026-07-11,Jayden Daniels,QB,8.0
2026-07-11,Christian McCaffrey,RB,9.7
2026-07-11,Joe Burrow,QB,10.4
2026-07-11,Lamar Jackson,QB,11.1
2026-07-11,Jonathan Taylor,RB,12.5
2026-07-11,James Cook,RB,13.8
2026-07-11,Caleb Williams,QB,14.2
2026-07-11,CeeDee Lamb,WR,15.6
2026-07-11,Amon-Ra St. Brown,WR,16.3
2026-07-11,Justin Jefferson,WR,17.6
2026-07-11,Drake London,WR,18.6
2026-07-11,Kenneth Walker,RB,19.4
2026-07-11,Ashton Jeanty,RB,20.5
2026-07-11,De'Von Achane,RB,21.2
2026-07-11,Trey McBride,TE,22.3
2026-07-11,Jaxson Dart,QB,23.2
2026-07-11,Justin Herbert,QB,24.9
2026-07-11,Jalen Hurts,QB,25.3
2026-07-11,Patrick Mahomes,QB,26.1
2026-07-11,Omarion Hampton,RB,27.9
2026-07-11,Malik Nabers,WR,28.4
2026-07-11,Saquon Barkley,RB,29.3
2026-07-11,Jeremiyah Love,RB,31.0
2026-07-11,Trevor Lawrence,QB,32.0
2026-07-11,Nico Collins,WR,32.7
2026-07-11,Bo Nix,QB,33.4
2026-07-11,Chase Brown,RB,34.5
2026-07-11,George Pickens,WR,35.9
2026-07-11,Brock Purdy,QB,36.2
2026-07-11,Brock Bowers,TE,37.4
2026-07-11,Chris Olave,WR,39.0
2026-07-11,Fernando Mendoza,QB,39.5
2026-07-11,Josh Jacobs,RB,40.1
2026-07-11,A.J. Brown,WR,41.4
2026-07-11,Bucky Irving,RB,42.1
2026-07-11,Rashee Rice,WR,44.0
2026-07-11,Dak Prescott,QB,44.1
2026-07-11,Derrick Henry,RB,45.7
2026-07-11,Tee Higgins,WR,46.5
2026-07-11,Tetairoa McMillan,WR,47.2
2026-07-11,Breece Hall,RB,48.4
2026-07-11,Jordan Love,QB,50.0
2026-07-11,Kyren Williams,RB,50.6
2026-07-11,Garrett Wilson,WR,51.4
2026-07-11,Luther Burden,WR,52.8
2026-07-11,Travis Etienne,RB,54.0
2026-07-11,Javonte Williams,RB,54.8
2026-07-11,Jaylen Waddle,WR,55.3
2026-07-11,Davante Adams,WR,56.5
2026-07-11,Ladd McConkey,WR,57.3
2026-07-11,Colston Loveland,TE,58.4
2026-07-11,Zay Flowers,WR,60.0
2026-07-11,Jameson Williams,WR,60.9
2026-07-11,TreVeyon Henderson,RB,61.5
2026-07-11,DeVonta Smith,WR,63.0
2026-07-11,Emeka Egbuka,WR,63.7
2026-07-11,Baker Mayfield,QB,64.0
2026-07-11,Jared Goff,QB,65.1
2026-07-11,Terry McLaurin,WR,67.0
2026-07-11,Tyler Warren,TE,67.4
2026-07-11,RJ Harvey,RB,68.3
2026-07-11,DJ Moore,WR,69.9
2026-07-11,Cam Skattebo,RB,70.8
2026-07-11,Bhayshul Tuten,RB,71.2
2026-07-11,Cam Ward,QB,72.0
2026-07-11,Mike Evans,WR,73.1
2026-07-11,Carnell Tate,WR,74.2
2026-07-11,D'Andre Swift,RB,75.3
2026-07-11,C.J. Stroud,QB,76.4
2026-07-11,Quinshon Judkins,RB,77.3
2026-07-11,Tyler Shough,QB,78.9
2026-07-11,Harold Fannin,TE,79.7
2026-07-11,Sam Darnold,QB,80.8
2026-07-11,Christian Watson,WR,81.2
2026-07-11,David Montgomery,RB,82.7
2026-07-11,Jaylen Warren,RB,83.7
2026-07-11,Kyler Murray,QB,84.7
2026-07-11,Rome Odunze,WR,85.8
2026-07-11,Jordyn Tyson,WR,86.9
2026-07-11,Bryce Young,QB,87.3
2026-07-11,Matthew Stafford,QB,88.4
2026-07-11,Tucker Kraft,TE,89.5
2026-07-11,Courtland Sutton,WR,90.9
2026-07-11,Kyle Pitts,TE,91.1
2026-07-11,Daniel Jones,QB,93.0
2026-07-11,Malik Willis,QB,94.0
2026-07-11,DK Metcalf,WR,94.0
2026-07-11,Rhamondre Stevenson,RB,95.9
2026-07-11,Michael Wilson,WR,96.5
2026-07-11,Makai Lemon,WR,97.6
2026-07-11,Jakobi Meyers,WR,98.2
2026-07-11,Brian Thomas,WR,100.0
2026-07-11,Kyle Monangai,RB,100.7
2026-07-11,Sam LaPorta,TE,101.0
2026-07-11,Dalton Kincaid,TE,102.8
2026-07-11,Marvin Harrison,WR,103.1
2026-07-11,Tony Pollard,RB,104.5
2026-07-11,Rico Dowdle,RB,105.9
2026-07-11,Oronde Gadsden,TE,106.3
2026-07-11,Chuba Hubbard,RB,107.9
2026-07-11,Blake Corum,RB,108.0
2026-07-11,Ricky Pearsall,WR,109.5
2026-07-11,Alec Pierce,WR,110.9
2026-07-11,Chris Godwin,WR,111.4
2026-07-11,Parker Washington,WR,112.0
2026-07-11,Hunter Henry,TE,113.6
2026-07-11,Dallas Goedert,TE,114.3
2026-07-11,J.K. Dobbins,RB,115.9
2026-07-11,Mark Andrews,TE,117.0
2026-07-11,Jake Ferguson,TE,117.1
2026-07-11,Dalton Schultz,TE,118.6
2026-07-11,Jordan Addison,WR,119.8
2026-07-11,Ty Simpson,QB,120.2
2026-07-11,George Kittle,TE,121.1
2026-07-11,Brian Robinson,RB,122.2
2026-07-11,Juwan Johnson,TE,123.6
2026-07-11,Wan'Dale Robinson,WR,125.0
2026-07-11,Brenton Strange,TE,125.0
2026-07-11,Travis Kelce,TE,126.1
2026-07-11,Michael Pittman,WR,127.0
2026-07-11,Kenyon Sadiq,TE,128.2
2026-07-11,Quentin Johnston,WR,129.2
2026-07-11,Aaron Jones,RB,130.8
2026-07-11,Kenneth Gainwell,RB,131.2
2026-07-11,Isaiah Likely,TE,132.9
2026-07-11,Stefon Diggs,WR,133.0
2026-07-11,Tyler Allgeier,RB,134.3
2026-07-11,Romeo Doubs,WR,135.8
2026-07-11,James Conner,RB,136.9
2026-07-11,Jayden Reed,WR,137.3
2026-07-11,Jacory Croskey-Merritt,RB,138.5
2026-07-11,Khalil Shakir,WR,140.0
2026-07-11,Xavier Worthy,WR,141.0
2026-07-11,Jauan Jennings,WR,141.0
2026-07-11,Jadarian Price,RB,143.0
2026-07-11,AJ Barner,TE,143.0
2026-07-11,Zach Charbonnet,RB,145.0
2026-07-11,Tua Tagovailoa,QB,146.0
2026-07-11,Jayden Higgins,WR,146.7
2026-07-11,T.J. Hockenson,TE,148.0
2026-07-11,Woody Marks,RB,148.8
2026-07-11,KC Concepcion,WR,149.9
2026-07-11,Michael Penix,QB,150.4
2026-07-11,J.J. McCarthy,QB,151.5
2026-07-11,David Njoku,TE,152.8
2026-07-11,Jalen Coker,WR,153.2
2026-07-11,Tyrone Tracy,RB,154.4
2026-07-11,Jordan Mason,RB,155.4
2026-07-11,Josh Downs,WR,156.2
2026-07-11,Emmett Johnson,RB,157.6
2026-07-11,Colby Parkinson,TE,158.1
2026-07-11,Jacoby Brissett,QB,159.6
2026-07-11,Chig Okonkwo,TE,161.0
2026-07-11,Trey Benson,RB,161.0
2026-07-11,Shedeur Sanders,QB,162.0
2026-07-11,Mason Taylor,TE,163.4
2026-07-11,Jonah Coleman,RB,164.1
2026-07-11,Eli Stowers,TE,165.2
2026-07-11,Alvin Kamara,RB,166.1
2026-07-11,Terrance Ferguson,TE,167.0
2026-07-11,Tyjae Spears,RB,168.0
2026-07-11,Rachaad White,RB,169.1
2026-07-11,Theo Johnson,TE,170.6
2026-07-11,Tyreek Hill,WR,171.0
2026-07-11,Cade Otton,TE,173.0
2026-07-11,Deebo Samuel,WR,173.4
2026-07-11,Omar Cooper,WR,174.5
2026-07-11,Dylan Sampson,RB,175.8
2026-07-11,Gunnar Helm,TE,176.4
2026-07-11,Denzel Boston,WR,177.9
2026-07-11,Antonio Williams,WR,179.8
2026-07-11,Travis Hunter,WR,180.4
2026-07-11,Mac Jones,QB,181.0
2026-07-11,Anthony Richardson,QB,182.2
2026-07-11,Matthew Golden,WR,184.0
2026-07-11,Jerry Jeudy,WR,185.0
2026-07-11,Braelon Allen,RB,185.4
2026-07-11,Geno Smith,QB,186.5
2026-07-11,Rashid Shaheed,WR,187.2
2026-07-11,Adonai Mitchell,WR,188.2
2026-07-11,Kayshon Boutte,WR,189.7
2026-07-11,Mike Washington,RB,190.6
2026-07-11,Jalen McMillan,WR,192.0
2026-07-11,Kimani Vidal,RB,193.0
2026-07-11,Chris Rodriguez,RB,193.8
2026-07-11,Jonathon Brooks,RB,194.1
2026-07-11,Troy Franklin,WR,195.2
2026-07-11,Pat Bryant,WR,196.1
2026-07-11,Tank Bigsby,RB,197.7
2026-07-11,Chimere Dike,WR,199.0
2026-07-11,Keaton Mitchell,RB,199.2
2026-07-11,Brandon Aiyuk,WR,200.0
2026-07-11,Isiah Pacheco,RB,201.4
2026-07-11,Jake Tonges,TE,202.4
2026-07-11,Sean Tucker,RB,204.0
2026-07-11,Tre' Harris,WR,204.8
2026-07-11,Calvin Ridley,WR,205.3
2026-07-11,Kaytron Allen,RB,206.7
2026-07-11,Ja'Kobi Lane,WR,207.3
2026-07-11,Isaac TeSlaa,WR,209.0
2026-07-11,Elic Ayomanor,WR,210.0
2026-07-11,Emanuel Wilson,RB,210.4
2026-07-11,Joe Mixon,RB,211.2
2026-07-11,Zachariah Branch,WR,212.8
2026-07-11,Tank Dell,WR,213.9
2026-07-11,Tre Tucker,WR,214.2
2026-07-11,Justin Fields,QB,216.0
2026-07-11,Garrett Nussmeier,QB,216.2
2026-07-11,Ray Davis,RB,217.1
2026-07-11,Nicholas Singleton,RB,218.9
2026-07-11,Aaron Rodgers,QB,219.9
2026-07-11,Devin Neal,RB,220.1
2026-07-11,Najee Harris,RB,221.2
2026-07-11,Jaylin Noel,WR,222.4
2026-07-11,Jaylen Wright,RB,223.3
2026-07-11,Kaleb Johnson,RB,224.7
2026-07-11,Demond Claiborne,RB,225.8
2026-07-11,Marvin Mims,WR,226.8
2026-07-11,Jalen Milroe,QB,227.2
2026-07-11,Germie Bernard,WR,228.4
2026-07-11,Darnell Mooney,WR,229.7
2026-07-11,Kyle Williams,WR,230.1
2026-07-11,Ted Hurst,WR,231.3
2026-07-11,Kendre Miller,RB,233.0
2026-07-11,Jalen Nailor,WR,233.1
2026-07-11,Brashard Smith,RB,234.7
2026-07-11,Ryan Flournoy,WR,235.5
2026-07-11,Tory Horton,WR,236.8
2026-07-11,Kirk Cousins,QB,237.7
2026-07-11,Elijah Sarratt,WR,238.5
2026-07-11,Chris Brazzell,WR,240.0
2026-07-11,Will Howard,QB,240.9
2026-07-11,Chris Bell,WR,241.9
2026-07-11,Rashod Bateman,WR,242.8
2026-07-11,Keenan Allen,WR,243.3
2026-07-11,Keon Coleman,WR,244.0
2026-07-11,Cooper Kupp,WR,245.5
2026-07-11,Jaydon Blue,RB,246.4
2026-07-11,Audric Estime,RB,247.1
2026-07-11,Jack Bech,WR,248.9
2026-07-11,Devaughn Vele,WR,249.1
2026-07-12,Josh Allen,QB,1.2
2026-07-12,Bijan Robinson,RB,2.4
2026-07-12,Drake Maye,QB,3.5
2026-07-12,Jahmyr Gibbs,RB,4.5
2026-07-12,Ja'Marr Chase,WR,5.2
2026-07-12,Puka Nacua,WR,6.4
2026-07-12,Jaxon Smith-Njigba,WR,7.2
2026-07-12,Jayden Daniels,QB,8.0
2026-07-12,Christian McCaffrey,RB,9.7
2026-07-12,Joe Burrow,QB,10.4
2026-07-12,Lamar Jackson,QB,11.1
2026-07-12,Jonathan Taylor,RB,12.5
2026-07-12,James Cook,RB,13.8
2026-07-12,Caleb Williams,QB,14.2
2026-07-12,CeeDee Lamb,WR,15.6
2026-07-12,Amon-Ra St. Brown,WR,16.3
2026-07-12,Justin Jefferson,WR,17.6
2026-07-12,Drake London,WR,18.6
2026-07-12,Kenneth Walker,RB,19.4
2026-07-12,Ashton Jeanty,RB,20.5
2026-07-12,De'Von Achane,RB,21.2
2026-07-12,Trey McBride,TE,22.3
2026-07-12,Jaxson Dart,QB,23.2
2026-07-12,Justin Herbert,QB,24.9
2026-07-12,Jalen Hurts,QB,25.3
2026-07-12,Patrick Mahomes,QB,26.1
2026-07-12,Omarion Hampton,RB,27.9
2026-07-12,Malik Nabers,WR,28.4
2026-07-12,Saquon Barkley,RB,29.3
2026-07-12,Jeremiyah Love,RB,31.0
2026-07-12,Trevor Lawrence,QB,32.0
2026-07-12,Nico Collins,WR,32.7
2026-07-12,Bo Nix,QB,33.4
2026-07-12,Chase Brown,RB,34.5
2026-07-12,George Pickens,WR,35.9
2026-07-12,Brock Purdy,QB,36.2
2026-07-12,Brock Bowers,TE,37.4
2026-07-12,Chris Olave,WR,39.0
2026-07-12,Fernando Mendoza,QB,39.5
2026-07-12,Josh Jacobs,RB,40.1
2026-07-12,A.J. Brown,WR,41.4
2026-07-12,Bucky Irving,RB,42.1
2026-07-12,Rashee Rice,WR,44.0
2026-07-12,Dak Prescott,QB,44.1
2026-07-12,Derrick Henry,RB,45.7
2026-07-12,Tee Higgins,WR,46.5
2026-07-12,Tetairoa McMillan,WR,47.2
2026-07-12,Breece Hall,RB,48.4
2026-07-12,Jordan Love,QB,50.0
2026-07-12,Kyren Williams,RB,50.6
2026-07-12,Garrett Wilson,WR,51.4
2026-07-12,Luther Burden,WR,52.8
2026-07-12,Travis Etienne,RB,54.0
2026-07-12,Javonte Williams,RB,54.8
2026-07-12,Jaylen Waddle,WR,55.3
2026-07-12,Davante Adams,WR,56.5
2026-07-12,Ladd McConkey,WR,57.3
2026-07-12,Colston Loveland,TE,58.4
2026-07-12,Zay Flowers,WR,60.0
2026-07-12,Jameson Williams,WR,60.9
2026-07-12,TreVeyon Henderson,RB,61.5
2026-07-12,DeVonta Smith,WR,63.0
2026-07-12,Emeka Egbuka,WR,63.7
2026-07-12,Baker Mayfield,QB,64.0
2026-07-12,Jared Goff,QB,65.1
2026-07-12,Terry McLaurin,WR,67.0
2026-07-12,Tyler Warren,TE,67.4
2026-07-12,RJ Harvey,RB,68.3
2026-07-12,DJ Moore,WR,69.9
2026-07-12,Cam Skattebo,RB,70.8
2026-07-12,Bhayshul Tuten,RB,71.2
2026-07-12,Cam Ward,QB,72.0
2026-07-12,Mike Evans,WR,73.1
2026-07-12,Carnell Tate,WR,74.2
2026-07-12,D'Andre Swift,RB,75.3
2026-07-12,C.J. Stroud,QB,76.4
2026-07-12,Quinshon Judkins,RB,77.3
2026-07-12,Tyler Shough,QB,78.9
2026-07-12,Harold Fannin,TE,79.7
2026-07-12,Sam Darnold,QB,80.8
2026-07-12,Christian Watson,WR,81.2
2026-07-12,David Montgomery,RB,82.7
2026-07-12,Jaylen Warren,RB,83.7
2026-07-12,Kyler Murray,QB,84.7
2026-07-12,Rome Odunze,WR,85.8
2026-07-12,Jordyn Tyson,WR,86.9
2026-07-12,Bryce Young,QB,87.3
2026-07-12,Matthew Stafford,QB,88.4
2026-07-12,Tucker Kraft,TE,89.5
2026-07-12,Courtland Sutton,WR,90.9
2026-07-12,Kyle Pitts,TE,91.1
2026-07-12,Daniel Jones,QB,93.0
2026-07-12,Malik Willis,QB,94.0
2026-07-12,DK Metcalf,WR,94.0
2026-07-12,Rhamondre Stevenson,RB,95.9
2026-07-12,Michael Wilson,WR,96.5
2026-07-12,Makai Lemon,WR,97.6
2026-07-12,Jakobi Meyers,WR,98.2
2026-07-12,Brian Thomas,WR,100.0
2026-07-12,Kyle Monangai,RB,100.7
2026-07-12,Sam LaPorta,TE,101.0
2026-07-12,Dalton Kincaid,TE,102.8
2026-07-12,Marvin Harrison,WR,103.1
2026-07-12,Tony Pollard,RB,104.5
2026-07-12,Rico Dowdle,RB,105.9
2026-07-12,Oronde Gadsden,TE,106.3
2026-07-12,Chuba Hubbard,RB,107.9
2026-07-12,Blake Corum,RB,108.0
2026-07-12,Ricky Pearsall,WR,109.5
2026-07-12,Alec Pierce,WR,110.9
2026-07-12,Chris Godwin,WR,111.4
2026-07-12,Parker Washington,WR,112.0
2026-07-12,Hunter Henry,TE,113.6
2026-07-12,Dallas Goedert,TE,114.3
2026-07-12,J.K. Dobbins,RB,115.9
2026-07-12,Mark Andrews,TE,117.0
2026-07-12,Jake Ferguson,TE,117.1
2026-07-12,Dalton Schultz,TE,118.6
2026-07-12,Jordan Addison,WR,119.8
2026-07-12,Ty Simpson,QB,120.2
2026-07-12,George Kittle,TE,121.1
2026-07-12,Brian Robinson,RB,122.2
2026-07-12,Juwan Johnson,TE,123.6
2026-07-12,Wan'Dale Robinson,WR,125.0
2026-07-12,Brenton Strange,TE,125.0
2026-07-12,Travis Kelce,TE,126.1
2026-07-12,Michael Pittman,WR,127.0
2026-07-12,Kenyon Sadiq,TE,128.2
2026-07-12,Quentin Johnston,WR,129.2
2026-07-12,Aaron Jones,RB,130.8
2026-07-12,Kenneth Gainwell,RB,131.2
2026-07-12,Isaiah Likely,TE,132.9
2026-07-12,Stefon Diggs,WR,133.0
2026-07-12,Tyler Allgeier,RB,134.3
2026-07-12,Romeo Doubs,WR,135.8
2026-07-12,James Conner,RB,136.9
2026-07-12,Jayden Reed,WR,137.3
2026-07-12,Jacory Croskey-Merritt,RB,138.5
2026-07-12,Khalil Shakir,WR,140.0
2026-07-12,Xavier Worthy,WR,141.0
2026-07-12,Jauan Jennings,WR,141.0
2026-07-12,Jadarian Price,RB,143.0
2026-07-12,AJ Barner,TE,143.0
2026-07-12,Zach Charbonnet,RB,145.0
2026-07-12,Tua Tagovailoa,QB,146.0
2026-07-12,Jayden Higgins,WR,146.7
2026-07-12,T.J. Hockenson,TE,148.0
2026-07-12,Woody Marks,RB,148.8
2026-07-12,KC Concepcion,WR,149.9
2026-07-12,Michael Penix,QB,150.4
2026-07-12,J.J. McCarthy,QB,151.5
2026-07-12,David Njoku,TE,152.8
2026-07-12,Jalen Coker,WR,153.2
2026-07-12,Tyrone Tracy,RB,154.4
2026-07-12,Jordan Mason,RB,155.4
2026-07-12,Josh Downs,WR,156.2
2026-07-12,Emmett Johnson,RB,157.6
2026-07-12,Colby Parkinson,TE,158.1
2026-07-12,Jacoby Brissett,QB,159.6
2026-07-12,Chig Okonkwo,TE,161.0
2026-07-12,Trey Benson,RB,161.0
2026-07-12,Shedeur Sanders,QB,162.0
2026-07-12,Mason Taylor,TE,163.4
2026-07-12,Jonah Coleman,RB,164.1
2026-07-12,Eli Stowers,TE,165.2
2026-07-12,Alvin Kamara,RB,166.1
2026-07-12,Terrance Ferguson,TE,167.0
2026-07-12,Tyjae Spears,RB,168.0
2026-07-12,Rachaad White,RB,169.1
2026-07-12,Theo Johnson,TE,170.6
2026-07-12,Tyreek Hill,WR,171.0
2026-07-12,Cade Otton,TE,173.0
2026-07-12,Deebo Samuel,WR,173.4
2026-07-12,Omar Cooper,WR,174.5
2026-07-12,Dylan Sampson,RB,175.8
2026-07-12,Gunnar Helm,TE,176.4
2026-07-12,Denzel Boston,WR,177.9
2026-07-12,Antonio Williams,WR,179.8
2026-07-12,Travis Hunter,WR,180.4
2026-07-12,Mac Jones,QB,181.0
2026-07-12,Anthony Richardson,QB,182.2
2026-07-12,Matthew Golden,WR,184.0
2026-07-12,Jerry Jeudy,WR,185.0
2026-07-12,Braelon Allen,RB,185.4
2026-07-12,Geno Smith,QB,186.5
2026-07-12,Rashid Shaheed,WR,187.2
2026-07-12,Adonai Mitchell,WR,188.2
2026-07-12,Kayshon Boutte,WR,189.7
2026-07-12,Mike Washington,RB,190.6
2026-07-12,Jalen McMillan,WR,192.0
2026-07-12,Kimani Vidal,RB,193.0
2026-07-12,Chris Rodriguez,RB,193.8
2026-07-12,Jonathon Brooks,RB,194.1
2026-07-12,Troy Franklin,WR,195.2
2026-07-12,Pat Bryant,WR,196.1
2026-07-12,Tank Bigsby,RB,197.7
2026-07-12,Chimere Dike,WR,199.0
2026-07-12,Keaton Mitchell,RB,199.2
2026-07-12,Brandon Aiyuk,WR,200.0
2026-07-12,Isiah Pacheco,RB,201.4
2026-07-12,Jake Tonges,TE,202.4
2026-07-12,Sean Tucker,RB,204.0
2026-07-12,Tre' Harris,WR,204.8
2026-07-12,Calvin Ridley,WR,205.3
2026-07-12,Kaytron Allen,RB,206.7
2026-07-12,Ja'Kobi Lane,WR,207.3
2026-07-12,Isaac TeSlaa,WR,209.0
2026-07-12,Elic Ayomanor,WR,210.0
2026-07-12,Emanuel Wilson,RB,210.4
2026-07-12,Joe Mixon,RB,211.2
2026-07-12,Zachariah Branch,WR,212.8
2026-07-12,Tank Dell,WR,213.9
2026-07-12,Tre Tucker,WR,214.2
2026-07-12,Justin Fields,QB,216.0
2026-07-12,Garrett Nussmeier,QB,216.2
2026-07-12,Ray Davis,RB,217.1
2026-07-12,Nicholas Singleton,RB,218.9
2026-07-12,Aaron Rodgers,QB,219.9
2026-07-12,Devin Neal,RB,220.1
2026-07-12,Najee Harris,RB,221.2
2026-07-12,Jaylin Noel,WR,222.4
2026-07-12,Jaylen Wright,RB,223.3
2026-07-12,Kaleb Johnson,RB,224.7
2026-07-12,Demond Claiborne,RB,225.8
2026-07-12,Marvin Mims,WR,226.8
2026-07-12,Jalen Milroe,QB,227.2
2026-07-12,Germie Bernard,WR,228.4
2026-07-12,Darnell Mooney,WR,229.7
2026-07-12,Kyle Williams,WR,230.1
2026-07-12,Ted Hurst,WR,231.3
2026-07-12,Kendre Miller,RB,233.0
2026-07-12,Jalen Nailor,WR,233.1
2026-07-12,Brashard Smith,RB,234.7
2026-07-12,Ryan Flournoy,WR,235.5
2026-07-12,Tory Horton,WR,236.8
2026-07-12,Kirk Cousins,QB,237.7
2026-07-12,Elijah Sarratt,WR,238.5
2026-07-12,Chris Brazzell,WR,240.0
2026-07-12,Will Howard,QB,240.9
2026-07-12,Chris Bell,WR,241.9
2026-07-12,Rashod Bateman,WR,242.8
2026-07-12,Keenan Allen,WR,243.3
2026-07-12,Keon Coleman,WR,244.0
2026-07-12,Cooper Kupp,WR,245.5
2026-07-12,Jaydon Blue,RB,246.4
2026-07-12,Audric Estime,RB,247.1
2026-07-12,Jack Bech,WR,248.9
2026-07-12,Devaughn Vele,WR,249.1
2026-07-15,Josh Allen,QB,1.2
2026-07-15,Bijan Robinson,RB,2.4
2026-07-15,Drake Maye,QB,3.5
2026-07-15,Jahmyr Gibbs,RB,4.5
2026-07-15,Ja'Marr Chase,WR,5.2
2026-07-15,Puka Nacua,WR,6.4
2026-07-15,Jaxon Smith-Njigba,WR,7.2
2026-07-15,Jayden Daniels,QB,8.0
2026-07-15,Christian McCaffrey,RB,9.7
2026-07-15,Joe Burrow,QB,10.4
2026-07-15,Lamar Jackson,QB,11.1
2026-07-15,Jonathan Taylor,RB,12.5
2026-07-15,James Cook,RB,13.8
2026-07-15,Caleb Williams,QB,14.2
2026-07-15,CeeDee Lamb,WR,15.6
2026-07-15,Amon-Ra St. Brown,WR,16.3
2026-07-15,Justin Jefferson,WR,17.6
2026-07-15,Drake London,WR,18.6
2026-07-15,Kenneth Walker,RB,19.4
2026-07-15,Ashton Jeanty,RB,20.5
2026-07-15,De'Von Achane,RB,21.2
2026-07-15,Trey McBride,TE,22.3
2026-07-15,Jaxson Dart,QB,23.2
2026-07-15,Justin Herbert,QB,24.9
2026-07-15,Jalen Hurts,QB,25.3
2026-07-15,Patrick Mahomes,QB,26.1
2026-07-15,Omarion Hampton,RB,27.9
2026-07-15,Malik Nabers,WR,28.4
2026-07-15,Saquon Barkley,RB,29.3
2026-07-15,Jeremiyah Love,RB,31.0
2026-07-15,Trevor Lawrence,QB,32.0
2026-07-15,Nico Collins,WR,32.7
2026-07-15,Bo Nix,QB,33.4
2026-07-15,Chase Brown,RB,34.5
2026-07-15,George Pickens,WR,35.9
2026-07-15,Brock Purdy,QB,36.2
2026-07-15,Brock Bowers,TE,37.4
2026-07-15,Chris Olave,WR,39.0
2026-07-15,Fernando Mendoza,QB,39.5
2026-07-15,Josh Jacobs,RB,40.1
2026-07-15,A.J. Brown,WR,41.4
2026-07-15,Bucky Irving,RB,42.1
2026-07-15,Rashee Rice,WR,44.0
2026-07-15,Dak Prescott,QB,44.1
2026-07-15,Derrick Henry,RB,45.7
2026-07-15,Tee Higgins,WR,46.5
2026-07-15,Tetairoa McMillan,WR,47.2
2026-07-15,Breece Hall,RB,48.4
2026-07-15,Jordan Love,QB,50.0
2026-07-15,Kyren Williams,RB,50.6
2026-07-15,Garrett Wilson,WR,51.4
2026-07-15,Luther Burden,WR,52.8
2026-07-15,Travis Etienne,RB,54.0
2026-07-15,Javonte Williams,RB,54.8
2026-07-15,Jaylen Waddle,WR,55.3
2026-07-15,Davante Adams,WR,56.5
2026-07-15,Ladd McConkey,WR,57.3
2026-07-15,Colston Loveland,TE,58.4
2026-07-15,Zay Flowers,WR,60.0
2026-07-15,Jameson Williams,WR,60.9
2026-07-15,TreVeyon Henderson,RB,61.5
2026-07-15,DeVonta Smith,WR,63.0
2026-07-15,Emeka Egbuka,WR,63.7
2026-07-15,Baker Mayfield,QB,64.0
2026-07-15,Jared Goff,QB,65.1
2026-07-15,Terry McLaurin,WR,67.0
2026-07-15,Tyler Warren,TE,67.4
2026-07-15,RJ Harvey,RB,68.3
2026-07-15,DJ Moore,WR,69.9
2026-07-15,Cam Skattebo,RB,70.8
2026-07-15,Bhayshul Tuten,RB,71.2
2026-07-15,Cam Ward,QB,72.0
2026-07-15,Mike Evans,WR,73.1
2026-07-15,Carnell Tate,WR,74.2
2026-07-15,D'Andre Swift,RB,75.3
2026-07-15,C.J. Stroud,QB,76.4
2026-07-15,Quinshon Judkins,RB,77.3
2026-07-15,Tyler Shough,QB,78.9
2026-07-15,Harold Fannin,TE,79.7
2026-07-15,Sam Darnold,QB,80.8
2026-07-15,Christian Watson,WR,81.2
2026-07-15,David Montgomery,RB,82.7
2026-07-15,Jaylen Warren,RB,83.7
2026-07-15,Kyler Murray,QB,84.7
2026-07-15,Rome Odunze,WR,85.8
2026-07-15,Jordyn Tyson,WR,86.9
2026-07-15,Bryce Young,QB,87.3
2026-07-15,Matthew Stafford,QB,88.4
2026-07-15,Tucker Kraft,TE,89.5
2026-07-15,Courtland Sutton,WR,90.9
2026-07-15,Kyle Pitts,TE,91.1
2026-07-15,Daniel Jones,QB,93.0
2026-07-15,Malik Willis,QB,94.0
2026-07-15,DK Metcalf,WR,94.0
2026-07-15,Rhamondre Stevenson,RB,95.9
2026-07-15,Michael Wilson,WR,96.5
2026-07-15,Makai Lemon,WR,97.6
2026-07-15,Jakobi Meyers,WR,98.2
2026-07-15,Brian Thomas,WR,100.0
2026-07-15,Kyle Monangai,RB,100.7
2026-07-15,Sam LaPorta,TE,101.0
2026-07-15,Dalton Kincaid,TE,102.8
2026-07-15,Marvin Harrison,WR,103.1
2026-07-15,Tony Pollard,RB,104.5
2026-07-15,Rico Dowdle,RB,105.9
2026-07-15,Oronde Gadsden,TE,106.3
2026-07-15,Chuba Hubbard,RB,107.9
2026-07-15,Blake Corum,RB,108.0
2026-07-15,Ricky Pearsall,WR,109.5
2026-07-15,Alec Pierce,WR,110.9
2026-07-15,Chris Godwin,WR,111.4
2026-07-15,Parker Washington,WR,112.0
2026-07-15,Hunter Henry,TE,113.6
2026-07-15,Dallas Goedert,TE,114.3
2026-07-15,J.K. Dobbins,RB,115.9
2026-07-15,Mark Andrews,TE,117.0
2026-07-15,Jake Ferguson,TE,117.1
2026-07-15,Dalton Schultz,TE,118.6
2026-07-15,Jordan Addison,WR,119.8
2026-07-15,Ty Simpson,QB,120.2
2026-07-15,George Kittle,TE,121.1
2026-07-15,Brian Robinson,RB,122.2
2026-07-15,Juwan Johnson,TE,123.6
2026-07-15,Wan'Dale Robinson,WR,125.0
2026-07-15,Brenton Strange,TE,125.0
2026-07-15,Travis Kelce,TE,126.1
2026-07-15,Michael Pittman,WR,127.0
2026-07-15,Kenyon Sadiq,TE,128.2
2026-07-15,Quentin Johnston,WR,129.2
2026-07-15,Aaron Jones,RB,130.8
2026-07-15,Kenneth Gainwell,RB,131.2
2026-07-15,Isaiah Likely,TE,132.9
2026-07-15,Stefon Diggs,WR,133.0
2026-07-15,Tyler Allgeier,RB,134.3
2026-07-15,Romeo Doubs,WR,135.8
2026-07-15,James Conner,RB,136.9
2026-07-15,Jayden Reed,WR,137.3
2026-07-15,Jacory Croskey-Merritt,RB,138.5
2026-07-15,Khalil Shakir,WR,140.0
2026-07-15,Xavier Worthy,WR,141.0
2026-07-15,Jauan Jennings,WR,141.0
2026-07-15,Jadarian Price,RB,143.0
2026-07-15,AJ Barner,TE,143.0
2026-07-15,Zach Charbonnet,RB,145.0
2026-07-15,Tua Tagovailoa,QB,146.0
2026-07-15,Jayden Higgins,WR,146.7
2026-07-15,T.J. Hockenson,TE,148.0
2026-07-15,Woody Marks,RB,148.8
2026-07-15,KC Concepcion,WR,149.9
2026-07-15,Michael Penix,QB,150.4
2026-07-15,J.J. McCarthy,QB,151.5
2026-07-15,David Njoku,TE,152.8
2026-07-15,Jalen Coker,WR,153.2
2026-07-15,Tyrone Tracy,RB,154.4
2026-07-15,Jordan Mason,RB,155.4
2026-07-15,Josh Downs,WR,156.2
2026-07-15,Emmett Johnson,RB,157.6
2026-07-15,Colby Parkinson,TE,158.1
2026-07-15,Jacoby Brissett,QB,159.6
2026-07-15,Chig Okonkwo,TE,161.0
2026-07-15,Trey Benson,RB,161.0
2026-07-15,Shedeur Sanders,QB,162.0
2026-07-15,Mason Taylor,TE,163.4
2026-07-15,Jonah Coleman,RB,164.1
2026-07-15,Eli Stowers,TE,165.2
2026-07-15,Alvin Kamara,RB,166.1
2026-07-15,Terrance Ferguson,TE,167.0
2026-07-15,Tyjae Spears,RB,168.0
2026-07-15,Rachaad White,RB,169.1
2026-07-15,Theo Johnson,TE,170.6
2026-07-15,Tyreek Hill,WR,171.0
2026-07-15,Cade Otton,TE,173.0
2026-07-15,Deebo Samuel,WR,173.4
2026-07-15,Omar Cooper,WR,174.5
2026-07-15,Dylan Sampson,RB,175.8
2026-07-15,Gunnar Helm,TE,176.4
2026-07-15,Denzel Boston,WR,177.9
2026-07-15,Antonio Williams,WR,179.8
2026-07-15,Travis Hunter,WR,180.4
2026-07-15,Mac Jones,QB,181.0
2026-07-15,Anthony Richardson,QB,182.2
2026-07-15,Matthew Golden,WR,184.0
2026-07-15,Jerry Jeudy,WR,185.0
2026-07-15,Braelon Allen,RB,185.4
2026-07-15,Geno Smith,QB,186.5
2026-07-15,Rashid Shaheed,WR,187.2
2026-07-15,Adonai Mitchell,WR,188.2
2026-07-15,Kayshon Boutte,WR,189.7
2026-07-15,Mike Washington,RB,190.6
2026-07-15,Jalen McMillan,WR,192.0
2026-07-15,Kimani Vidal,RB,193.0
2026-07-15,Chris Rodriguez,RB,193.8
2026-07-15,Jonathon Brooks,RB,194.1
2026-07-15,Troy Franklin,WR,195.2
2026-07-15,Pat Bryant,WR,196.1
2026-07-15,Tank Bigsby,RB,197.7
2026-07-15,Chimere Dike,WR,199.0
2026-07-15,Keaton Mitchell,RB,199.2
2026-07-15,Brandon Aiyuk,WR,200.0
2026-07-15,Isiah Pacheco,RB,201.4
2026-07-15,Jake Tonges,TE,202.4
2026-07-15,Sean Tucker,RB,204.0
2026-07-15,Tre' Harris,WR,204.8
2026-07-15,Calvin Ridley,WR,205.3
2026-07-15,Kaytron Allen,RB,206.7
2026-07-15,Ja'Kobi Lane,WR,207.3
2026-07-15,Isaac TeSlaa,WR,209.0
2026-07-15,Elic Ayomanor,WR,210.0
2026-07-15,Emanuel Wilson,RB,210.4
2026-07-15,Joe Mixon,RB,211.2
2026-07-15,Zachariah Branch,WR,212.8
2026-07-15,Tank Dell,WR,213.9
2026-07-15,Tre Tucker,WR,214.2
2026-07-15,Justin Fields,QB,216.0
2026-07-15,Garrett Nussmeier,QB,216.2
2026-07-15,Ray Davis,RB,217.1
2026-07-15,Nicholas Singleton,RB,218.9
2026-07-15,Aaron Rodgers,QB,219.9
2026-07-15,Devin Neal,RB,220.1
2026-07-15,Najee Harris,RB,221.2
2026-07-15,Jaylin Noel,WR,222.4
2026-07-15,Jaylen Wright,RB,223.3
2026-07-15,Kaleb Johnson,RB,224.7
2026-07-15,Demond Claiborne,RB,225.8
2026-07-15,Marvin Mims,WR,226.8
2026-07-15,Jalen Milroe,QB,227.2
2026-07-15,Germie Bernard,WR,228.4
2026-07-15,Darnell Mooney,WR,229.7
2026-07-15,Kyle Williams,WR,230.1
2026-07-15,Ted Hurst,WR,231.3
2026-07-15,Kendre Miller,RB,233.0
2026-07-15,Jalen Nailor,WR,233.1
2026-07-15,Brashard Smith,RB,234.7
2026-07-15,Ryan Flournoy,WR,235.5
2026-07-15,Tory Horton,WR,236.8
2026-07-15,Kirk Cousins,QB,237.7
2026-07-15,Elijah Sarratt,WR,238.5
2026-07-15,Chris Brazzell,WR,240.0
2026-07-15,Will Howard,QB,240.9
2026-07-15,Chris Bell,WR,241.9
2026-07-15,Rashod Bateman,WR,242.8
2026-07-15,Keenan Allen,WR,243.3
2026-07-15,Keon Coleman,WR,244.0
2026-07-15,Cooper Kupp,WR,245.5
2026-07-15,Jaydon Blue,RB,246.4
2026-07-15,Audric Estime,RB,247.1
2026-07-15,Jack Bech,WR,248.9
2026-07-15,Devaughn Vele,WR,249.1
2026-07-16,Josh Allen,QB,1.2
2026-07-16,Bijan Robinson,RB,2.4
2026-07-16,Drake Maye,QB,3.5
2026-07-16,Jahmyr Gibbs,RB,4.5
2026-07-16,Ja'Marr Chase,WR,5.2
2026-07-16,Puka Nacua,WR,6.4
2026-07-16,Jaxon Smith-Njigba,WR,7.2
2026-07-16,Jayden Daniels,QB,8.0
2026-07-16,Christian McCaffrey,RB,9.7
2026-07-16,Joe Burrow,QB,10.4
2026-07-16,Lamar Jackson,QB,11.1
2026-07-16,Jonathan Taylor,RB,12.5
2026-07-16,James Cook,RB,13.8
2026-07-16,Caleb Williams,QB,14.2
2026-07-16,CeeDee Lamb,WR,15.6
2026-07-16,Amon-Ra St. Brown,WR,16.3
2026-07-16,Justin Jefferson,WR,17.6
2026-07-16,Drake London,WR,18.6
2026-07-16,Kenneth Walker,RB,19.4
2026-07-16,Ashton Jeanty,RB,20.5
2026-07-16,De'Von Achane,RB,21.2
2026-07-16,Trey McBride,TE,22.3
2026-07-16,Jaxson Dart,QB,23.2
2026-07-16,Justin Herbert,QB,24.9
2026-07-16,Jalen Hurts,QB,25.3
2026-07-16,Patrick Mahomes,QB,26.1
2026-07-16,Omarion Hampton,RB,27.9
2026-07-16,Malik Nabers,WR,28.4
2026-07-16,Saquon Barkley,RB,29.3
2026-07-16,Jeremiyah Love,RB,31.0
2026-07-16,Trevor Lawrence,QB,32.0
2026-07-16,Nico Collins,WR,32.7
2026-07-16,Bo Nix,QB,33.4
2026-07-16,Chase Brown,RB,34.5
2026-07-16,George Pickens,WR,35.9
2026-07-16,Brock Purdy,QB,36.2
2026-07-16,Brock Bowers,TE,37.4
2026-07-16,Chris Olave,WR,39.0
2026-07-16,Fernando Mendoza,QB,39.5
2026-07-16,Josh Jacobs,RB,40.1
2026-07-16,A.J. Brown,WR,41.4
2026-07-16,Bucky Irving,RB,42.1
2026-07-16,Rashee Rice,WR,44.0
2026-07-16,Dak Prescott,QB,44.1
2026-07-16,Derrick Henry,RB,45.7
2026-07-16,Tee Higgins,WR,46.5
2026-07-16,Tetairoa McMillan,WR,47.2
2026-07-16,Breece Hall,RB,48.4
2026-07-16,Jordan Love,QB,50.0
2026-07-16,Kyren Williams,RB,50.6
2026-07-16,Garrett Wilson,WR,51.4
2026-07-16,Luther Burden,WR,52.8
2026-07-16,Travis Etienne,RB,54.0
2026-07-16,Javonte Williams,RB,54.8
2026-07-16,Jaylen Waddle,WR,55.3
2026-07-16,Davante Adams,WR,56.5
2026-07-16,Ladd McConkey,WR,57.3
2026-07-16,Colston Loveland,TE,58.4
2026-07-16,Zay Flowers,WR,60.0
2026-07-16,Jameson Williams,WR,60.9
2026-07-16,TreVeyon Henderson,RB,61.5
2026-07-16,DeVonta Smith,WR,63.0
2026-07-16,Emeka Egbuka,WR,63.7
2026-07-16,Baker Mayfield,QB,64.0
2026-07-16,Jared Goff,QB,65.1
2026-07-16,Terry McLaurin,WR,67.0
2026-07-16,Tyler Warren,TE,67.4
2026-07-16,RJ Harvey,RB,68.3
2026-07-16,DJ Moore,WR,69.9
2026-07-16,Cam Skattebo,RB,70.8
2026-07-16,Bhayshul Tuten,RB,71.2
2026-07-16,Cam Ward,QB,72.0
2026-07-16,Mike Evans,WR,73.1
2026-07-16,Carnell Tate,WR,74.2
2026-07-16,D'Andre Swift,RB,75.3
2026-07-16,C.J. Stroud,QB,76.4
2026-07-16,Quinshon Judkins,RB,77.3
2026-07-16,Tyler Shough,QB,78.9
2026-07-16,Harold Fannin,TE,79.7
2026-07-16,Sam Darnold,QB,80.8
2026-07-16,Christian Watson,WR,81.2
2026-07-16,David Montgomery,RB,82.7
2026-07-16,Jaylen Warren,RB,83.7
2026-07-16,Kyler Murray,QB,84.7
2026-07-16,Rome Odunze,WR,85.8
2026-07-16,Jordyn Tyson,WR,86.9
2026-07-16,Bryce Young,QB,87.3
2026-07-16,Matthew Stafford,QB,88.4
2026-07-16,Tucker Kraft,TE,89.5
2026-07-16,Courtland Sutton,WR,90.9
2026-07-16,Kyle Pitts,TE,91.1
2026-07-16,Daniel Jones,QB,93.0
2026-07-16,Malik Willis,QB,94.0
2026-07-16,DK Metcalf,WR,94.0
2026-07-16,Rhamondre Stevenson,RB,95.9
2026-07-16,Michael Wilson,WR,96.5
2026-07-16,Makai Lemon,WR,97.6
2026-07-16,Jakobi Meyers,WR,98.2
2026-07-16,Brian Thomas,WR,100.0
2026-07-16,Kyle Monangai,RB,100.7
2026-07-16,Sam LaPorta,TE,101.0
2026-07-16,Dalton Kincaid,TE,102.8
2026-07-16,Marvin Harrison,WR,103.1
2026-07-16,Tony Pollard,RB,104.5
2026-07-16,Rico Dowdle,RB,105.9
2026-07-16,Oronde Gadsden,TE,106.3
2026-07-16,Chuba Hubbard,RB,107.9
2026-07-16,Blake Corum,RB,108.0
2026-07-16,Ricky Pearsall,WR,109.5
2026-07-16,Alec Pierce,WR,110.9
2026-07-16,Chris Godwin,WR,111.4
2026-07-16,Parker Washington,WR,112.0
2026-07-16,Hunter Henry,TE,113.6
2026-07-16,Dallas Goedert,TE,114.3
2026-07-16,J.K. Dobbins,RB,115.9
2026-07-16,Mark Andrews,TE,117.0
2026-07-16,Jake Ferguson,TE,117.1
2026-07-16,Dalton Schultz,TE,118.6
2026-07-16,Jordan Addison,WR,119.8
2026-07-16,Ty Simpson,QB,120.2
2026-07-16,George Kittle,TE,121.1
2026-07-16,Brian Robinson,RB,122.2
2026-07-16,Juwan Johnson,TE,123.6
2026-07-16,Wan'Dale Robinson,WR,125.0
2026-07-16,Brenton Strange,TE,125.0
2026-07-16,Travis Kelce,TE,126.1
2026-07-16,Michael Pittman,WR,127.0
2026-07-16,Kenyon Sadiq,TE,128.2
2026-07-16,Quentin Johnston,WR,129.2
2026-07-16,Aaron Jones,RB,130.8
2026-07-16,Kenneth Gainwell,RB,131.2
2026-07-16,Isaiah Likely,TE,132.9
2026-07-16,Stefon Diggs,WR,133.0
2026-07-16,Tyler Allgeier,RB,134.3
2026-07-16,Romeo Doubs,WR,135.8
2026-07-16,James Conner,RB,136.9
2026-07-16,Jayden Reed,WR,137.3
2026-07-16,Jacory Croskey-Merritt,RB,138.5
2026-07-16,Khalil Shakir,WR,140.0
2026-07-16,Xavier Worthy,WR,141.0
2026-07-16,Jauan Jennings,WR,141.0
2026-07-16,Jadarian Price,RB,143.0
2026-07-16,AJ Barner,TE,143.0
2026-07-16,Zach Charbonnet,RB,145.0
2026-07-16,Tua Tagovailoa,QB,146.0
2026-07-16,Jayden Higgins,WR,146.7
2026-07-16,T.J. Hockenson,TE,148.0
2026-07-16,Woody Marks,RB,148.8
2026-07-16,KC Concepcion,WR,149.9
2026-07-16,Michael Penix,QB,150.4
2026-07-16,J.J. McCarthy,QB,151.5
2026-07-16,David Njoku,TE,152.8
2026-07-16,Jalen Coker,WR,153.2
2026-07-16,Tyrone Tracy,RB,154.4
2026-07-16,Jordan Mason,RB,155.4
2026-07-16,Josh Downs,WR,156.2
2026-07-16,Emmett Johnson,RB,157.6
2026-07-16,Colby Parkinson,TE,158.1
2026-07-16,Jacoby Brissett,QB,159.6
2026-07-16,Chig Okonkwo,TE,161.0
2026-07-16,Trey Benson,RB,161.0
2026-07-16,Shedeur Sanders,QB,162.0
2026-07-16,Mason Taylor,TE,163.4
2026-07-16,Jonah Coleman,RB,164.1
2026-07-16,Eli Stowers,TE,165.2
2026-07-16,Alvin Kamara,RB,166.1
2026-07-16,Terrance Ferguson,TE,167.0
2026-07-16,Tyjae Spears,RB,168.0
2026-07-16,Rachaad White,RB,169.1
2026-07-16,Theo Johnson,TE,170.6
2026-07-16,Tyreek Hill,WR,171.0
2026-07-16,Cade Otton,TE,173.0
2026-07-16,Deebo Samuel,WR,173.4
2026-07-16,Omar Cooper,WR,174.5
2026-07-16,Dylan Sampson,RB,175.8
2026-07-16,Gunnar Helm,TE,176.4
2026-07-16,Denzel Boston,WR,177.9
2026-07-16,Antonio Williams,WR,179.8
2026-07-16,Travis Hunter,WR,180.4
2026-07-16,Mac Jones,QB,181.0
2026-07-16,Anthony Richardson,QB,182.2
2026-07-16,Matthew Golden,WR,184.0
2026-07-16,Jerry Jeudy,WR,185.0
2026-07-16,Braelon Allen,RB,185.4
2026-07-16,Geno Smith,QB,186.5
2026-07-16,Rashid Shaheed,WR,187.2
2026-07-16,Adonai Mitchell,WR,188.2
2026-07-16,Kayshon Boutte,WR,189.7
2026-07-16,Mike Washington,RB,190.6
2026-07-16,Jalen McMillan,WR,192.0
2026-07-16,Kimani Vidal,RB,193.0
2026-07-16,Chris Rodriguez,RB,193.8
2026-07-16,Jonathon Brooks,RB,194.1
2026-07-16,Troy Franklin,WR,195.2
2026-07-16,Pat Bryant,WR,196.1
2026-07-16,Tank Bigsby,RB,197.7
2026-07-16,Chimere Dike,WR,199.0
2026-07-16,Keaton Mitchell,RB,199.2
2026-07-16,Brandon Aiyuk,WR,200.0
2026-07-16,Isiah Pacheco,RB,201.4
2026-07-16,Jake Tonges,TE,202.4
2026-07-16,Sean Tucker,RB,204.0
2026-07-16,Tre' Harris,WR,204.8
2026-07-16,Calvin Ridley,WR,205.3
2026-07-16,Kaytron Allen,RB,206.7
2026-07-16,Ja'Kobi Lane,WR,207.3
2026-07-16,Isaac TeSlaa,WR,209.0
2026-07-16,Elic Ayomanor,WR,210.0
2026-07-16,Emanuel Wilson,RB,210.4
2026-07-16,Joe Mixon,RB,211.2
2026-07-16,Zachariah Branch,WR,212.8
2026-07-16,Tank Dell,WR,213.9
2026-07-16,Tre Tucker,WR,214.2
2026-07-16,Justin Fields,QB,216.0
2026-07-16,Garrett Nussmeier,QB,216.2
2026-07-16,Ray Davis,RB,217.1
2026-07-16,Nicholas Singleton,RB,218.9
2026-07-16,Aaron Rodgers,QB,219.9
2026-07-16,Devin Neal,RB,220.1
2026-07-16,Najee Harris,RB,221.2
2026-07-16,Jaylin Noel,WR,222.4
2026-07-16,Jaylen Wright,RB,223.3
2026-07-16,Kaleb Johnson,RB,224.7
2026-07-16,Demond Claiborne,RB,225.8
2026-07-16,Marvin Mims,WR,226.8
2026-07-16,Jalen Milroe,QB,227.2
2026-07-16,Germie Bernard,WR,228.4
2026-07-16,Darnell Mooney,WR,229.7
2026-07-16,Kyle Williams,WR,230.1
2026-07-16,Ted Hurst,WR,231.3
2026-07-16,Kendre Miller,RB,233.0
2026-07-16,Jalen Nailor,WR,233.1
2026-07-16,Brashard Smith,RB,234.7
2026-07-16,Ryan Flournoy,WR,235.5
2026-07-16,Tory Horton,WR,236.8
2026-07-16,Kirk Cousins,QB,237.7
2026-07-16,Elijah Sarratt,WR,238.5
2026-07-16,Chris Brazzell,WR,240.0
2026-07-16,Will Howard,QB,240.9
2026-07-16,Chris Bell,WR,241.9
2026-07-16,Rashod Bateman,WR,242.8
2026-07-16,Keenan Allen,WR,243.3
2026-07-16,Keon Coleman,WR,244.0
2026-07-16,Cooper Kupp,WR,245.5
2026-07-16,Jaydon Blue,RB,246.4
2026-07-16,Audric Estime,RB,247.1
2026-07-16,Jack Bech,WR,248.9
2026-07-16,Devaughn Vele,WR,249.1
2026-07-18,Josh Allen,QB,1.2
2026-07-18,Bijan Robinson,RB,2.4
2026-07-18,Drake Maye,QB,3.5
2026-07-18,Jahmyr Gibbs,RB,4.5
2026-07-18,Ja'Marr Chase,WR,5.2
2026-07-18,Puka Nacua,WR,6.4
2026-07-18,Jaxon Smith-Njigba,WR,7.2
2026-07-18,Jayden Daniels,QB,8.0
2026-07-18,Christian McCaffrey,RB,9.7
2026-07-18,Joe Burrow,QB,10.4
2026-07-18,Lamar Jackson,QB,11.1
2026-07-18,Jonathan Taylor,RB,12.5
2026-07-18,James Cook,RB,13.8
2026-07-18,Caleb Williams,QB,14.2
2026-07-18,CeeDee Lamb,WR,15.6
2026-07-18,Amon-Ra St. Brown,WR,16.3
2026-07-18,Justin Jefferson,WR,17.6
2026-07-18,Drake London,WR,18.6
2026-07-18,Kenneth Walker,RB,19.4
2026-07-18,Ashton Jeanty,RB,20.5
2026-07-18,De'Von Achane,RB,21.2
2026-07-18,Trey McBride,TE,22.3
2026-07-18,Jaxson Dart,QB,23.2
2026-07-18,Justin Herbert,QB,24.9
2026-07-18,Jalen Hurts,QB,25.3
2026-07-18,Patrick Mahomes,QB,26.1
2026-07-18,Omarion Hampton,RB,27.9
2026-07-18,Malik Nabers,WR,28.4
2026-07-18,Saquon Barkley,RB,29.3
2026-07-18,Jeremiyah Love,RB,31.0
2026-07-18,Trevor Lawrence,QB,32.0
2026-07-18,Nico Collins,WR,32.7
2026-07-18,Bo Nix,QB,33.4
2026-07-18,Chase Brown,RB,34.5
2026-07-18,George Pickens,WR,35.9
2026-07-18,Brock Purdy,QB,36.2
2026-07-18,Brock Bowers,TE,37.4
2026-07-18,Chris Olave,WR,39.0
2026-07-18,Fernando Mendoza,QB,39.5
2026-07-18,Josh Jacobs,RB,40.1
2026-07-18,A.J. Brown,WR,41.4
2026-07-18,Bucky Irving,RB,42.1
2026-07-18,Rashee Rice,WR,44.0
2026-07-18,Dak Prescott,QB,44.1
2026-07-18,Derrick Henry,RB,45.7
2026-07-18,Tee Higgins,WR,46.5
2026-07-18,Tetairoa McMillan,WR,47.2
2026-07-18,Breece Hall,RB,48.4
2026-07-18,Jordan Love,QB,50.0
2026-07-18,Kyren Williams,RB,50.6
2026-07-18,Garrett Wilson,WR,51.4
2026-07-18,Luther Burden,WR,52.8
2026-07-18,Travis Etienne,RB,54.0
2026-07-18,Javonte Williams,RB,54.8
2026-07-18,Jaylen Waddle,WR,55.3
2026-07-18,Davante Adams,WR,56.5
2026-07-18,Ladd McConkey,WR,57.3
2026-07-18,Colston Loveland,TE,58.4
2026-07-18,Zay Flowers,WR,60.0
2026-07-18,Jameson Williams,WR,60.9
2026-07-18,TreVeyon Henderson,RB,61.5
2026-07-18,DeVonta Smith,WR,63.0
2026-07-18,Emeka Egbuka,WR,63.7
2026-07-18,Baker Mayfield,QB,64.0
2026-07-18,Jared Goff,QB,65.1
2026-07-18,Terry McLaurin,WR,67.0
2026-07-18,Tyler Warren,TE,67.4
2026-07-18,RJ Harvey,RB,68.3
2026-07-18,DJ Moore,WR,69.9
2026-07-18,Cam Skattebo,RB,70.8
2026-07-18,Bhayshul Tuten,RB,71.2
2026-07-18,Cam Ward,QB,72.0
2026-07-18,Mike Evans,WR,73.1
2026-07-18,Carnell Tate,WR,74.2
2026-07-18,D'Andre Swift,RB,75.3
2026-07-18,C.J. Stroud,QB,76.4
2026-07-18,Quinshon Judkins,RB,77.3
2026-07-18,Tyler Shough,QB,78.9
2026-07-18,Harold Fannin,TE,79.7
2026-07-18,Sam Darnold,QB,80.8
2026-07-18,Christian Watson,WR,81.2
2026-07-18,David Montgomery,RB,82.7
2026-07-18,Jaylen Warren,RB,83.7
2026-07-18,Kyler Murray,QB,84.7
2026-07-18,Rome Odunze,WR,85.8
2026-07-18,Jordyn Tyson,WR,86.9
2026-07-18,Bryce Young,QB,87.3
2026-07-18,Matthew Stafford,QB,88.4
2026-07-18,Tucker Kraft,TE,89.5
2026-07-18,Courtland Sutton,WR,90.9
2026-07-18,Kyle Pitts,TE,91.1
2026-07-18,Daniel Jones,QB,93.0
2026-07-18,Malik Willis,QB,94.0
2026-07-18,DK Metcalf,WR,94.0
2026-07-18,Rhamondre Stevenson,RB,95.9
2026-07-18,Michael Wilson,WR,96.5
2026-07-18,Makai Lemon,WR,97.6
2026-07-18,Jakobi Meyers,WR,98.2
2026-07-18,Brian Thomas,WR,100.0
2026-07-18,Kyle Monangai,RB,100.7
2026-07-18,Sam LaPorta,TE,101.0
2026-07-18,Dalton Kincaid,TE,102.8
2026-07-18,Marvin Harrison,WR,103.1
2026-07-18,Tony Pollard,RB,104.5
2026-07-18,Rico Dowdle,RB,105.9
2026-07-18,Oronde Gadsden,TE,106.3
2026-07-18,Chuba Hubbard,RB,107.9
2026-07-18,Blake Corum,RB,108.0
2026-07-18,Ricky Pearsall,WR,109.5
2026-07-18,Alec Pierce,WR,110.9
2026-07-18,Chris Godwin,WR,111.4
2026-07-18,Parker Washington,WR,112.0
2026-07-18,Hunter Henry,TE,113.6
2026-07-18,Dallas Goedert,TE,114.3
2026-07-18,J.K. Dobbins,RB,115.9
2026-07-18,Mark Andrews,TE,117.0
2026-07-18,Jake Ferguson,TE,117.1
2026-07-18,Dalton Schultz,TE,118.6
2026-07-18,Jordan Addison,WR,119.8
2026-07-18,Ty Simpson,QB,120.2
2026-07-18,George Kittle,TE,121.1
2026-07-18,Brian Robinson,RB,122.2
2026-07-18,Juwan Johnson,TE,123.6
2026-07-18,Wan'Dale Robinson,WR,125.0
2026-07-18,Brenton Strange,TE,125.0
2026-07-18,Travis Kelce,TE,126.1
2026-07-18,Michael Pittman,WR,127.0
2026-07-18,Kenyon Sadiq,TE,128.2
2026-07-18,Quentin Johnston,WR,129.2
2026-07-18,Aaron Jones,RB,130.8
2026-07-18,Kenneth Gainwell,RB,131.2
2026-07-18,Isaiah Likely,TE,132.9
2026-07-18,Stefon Diggs,WR,133.0
2026-07-18,Tyler Allgeier,RB,134.3
2026-07-18,Romeo Doubs,WR,135.8
2026-07-18,James Conner,RB,136.9
2026-07-18,Jayden Reed,WR,137.3
2026-07-18,Jacory Croskey-Merritt,RB,138.5
2026-07-18,Khalil Shakir,WR,140.0
2026-07-18,Xavier Worthy,WR,141.0
2026-07-18,Jauan Jennings,WR,141.0
2026-07-18,Jadarian Price,RB,143.0
2026-07-18,AJ Barner,TE,143.0
2026-07-18,Zach Charbonnet,RB,145.0
2026-07-18,Tua Tagovailoa,QB,146.0
2026-07-18,Jayden Higgins,WR,146.7
2026-07-18,T.J. Hockenson,TE,148.0
2026-07-18,Woody Marks,RB,148.8
2026-07-18,KC Concepcion,WR,149.9
2026-07-18,Michael Penix,QB,150.4
2026-07-18,J.J. McCarthy,QB,151.5
2026-07-18,David Njoku,TE,152.8
2026-07-18,Jalen Coker,WR,153.2
2026-07-18,Tyrone Tracy,RB,154.4
2026-07-18,Jordan Mason,RB,155.4
2026-07-18,Josh Downs,WR,156.2
2026-07-18,Emmett Johnson,RB,157.6
2026-07-18,Colby Parkinson,TE,158.1
2026-07-18,Jacoby Brissett,QB,159.6
2026-07-18,Chig Okonkwo,TE,161.0
2026-07-18,Trey Benson,RB,161.0
2026-07-18,Shedeur Sanders,QB,162.0
2026-07-18,Mason Taylor,TE,163.4
2026-07-18,Jonah Coleman,RB,164.1
2026-07-18,Eli Stowers,TE,165.2
2026-07-18,Alvin Kamara,RB,166.1
2026-07-18,Terrance Ferguson,TE,167.0
2026-07-18,Tyjae Spears,RB,168.0
2026-07-18,Rachaad White,RB,169.1
2026-07-18,Theo Johnson,TE,170.6
2026-07-18,Tyreek Hill,WR,171.0
2026-07-18,Cade Otton,TE,173.0
2026-07-18,Deebo Samuel,WR,173.4
2026-07-18,Omar Cooper,WR,174.5
2026-07-18,Dylan Sampson,RB,175.8
2026-07-18,Gunnar Helm,TE,176.4
2026-07-18,Denzel Boston,WR,177.9
2026-07-18,Antonio Williams,WR,179.8
2026-07-18,Travis Hunter,WR,180.4
2026-07-18,Mac Jones,QB,181.0
2026-07-18,Anthony Richardson,QB,182.2
2026-07-18,Matthew Golden,WR,184.0
2026-07-18,Jerry Jeudy,WR,185.0
2026-07-18,Braelon Allen,RB,185.4
2026-07-18,Geno Smith,QB,186.5
2026-07-18,Rashid Shaheed,WR,187.2
2026-07-18,Adonai Mitchell,WR,188.2
2026-07-18,Kayshon Boutte,WR,189.7
2026-07-18,Mike Washington,RB,190.6
2026-07-18,Jalen McMillan,WR,192.0
2026-07-18,Kimani Vidal,RB,193.0
2026-07-18,Chris Rodriguez,RB,193.8
2026-07-18,Jonathon Brooks,RB,194.1
2026-07-18,Troy Franklin,WR,195.2
2026-07-18,Pat Bryant,WR,196.1
2026-07-18,Tank Bigsby,RB,197.7
2026-07-18,Chimere Dike,WR,199.0
2026-07-18,Keaton Mitchell,RB,199.2
2026-07-18,Brandon Aiyuk,WR,200.0
2026-07-18,Isiah Pacheco,RB,201.4
2026-07-18,Jake Tonges,TE,202.4
2026-07-18,Sean Tucker,RB,204.0
2026-07-18,Tre' Harris,WR,204.8
2026-07-18,Calvin Ridley,WR,205.3
2026-07-18,Kaytron Allen,RB,206.7
2026-07-18,Ja'Kobi Lane,WR,207.3
2026-07-18,Isaac TeSlaa,WR,209.0
2026-07-18,Elic Ayomanor,WR,210.0
2026-07-18,Emanuel Wilson,RB,210.4
2026-07-18,Joe Mixon,RB,211.2
2026-07-18,Zachariah Branch,WR,212.8
2026-07-18,Tank Dell,WR,213.9
2026-07-18,Tre Tucker,WR,214.2
2026-07-18,Justin Fields,QB,216.0
2026-07-18,Garrett Nussmeier,QB,216.2
2026-07-18,Ray Davis,RB,217.1
2026-07-18,Nicholas Singleton,RB,218.9
2026-07-18,Aaron Rodgers,QB,219.9
2026-07-18,Devin Neal,RB,220.1
2026-07-18,Najee Harris,RB,221.2
2026-07-18,Jaylin Noel,WR,222.4
2026-07-18,Jaylen Wright,RB,223.3
2026-07-18,Kaleb Johnson,RB,224.7
2026-07-18,Demond Claiborne,RB,225.8
2026-07-18,Marvin Mims,WR,226.8
2026-07-18,Jalen Milroe,QB,227.2
2026-07-18,Germie Bernard,WR,228.4
2026-07-18,Darnell Mooney,WR,229.7
2026-07-18,Kyle Williams,WR,230.1
2026-07-18,Ted Hurst,WR,231.3
2026-07-18,Kendre Miller,RB,233.0
2026-07-18,Jalen Nailor,WR,233.1
2026-07-18,Brashard Smith,RB,234.7
2026-07-18,Ryan Flournoy,WR,235.5
2026-07-18,Tory Horton,WR,236.8
2026-07-18,Kirk Cousins,QB,237.7
2026-07-18,Elijah Sarratt,WR,238.5
2026-07-18,Chris Brazzell,WR,240.0
2026-07-18,Will Howard,QB,240.9
2026-07-18,Chris Bell,WR,241.9
2026-07-18,Rashod Bateman,WR,242.8
2026-07-18,Keenan Allen,WR,243.3
2026-07-18,Keon Coleman,WR,244.0
2026-07-18,Cooper Kupp,WR,245.5
2026-07-18,Jaydon Blue,RB,246.4
2026-07-18,Audric Estime,RB,247.1
2026-07-18,Jack Bech,WR,248.9
2026-07-18,Devaughn Vele,WR,249.1
2026-07-21,Josh Allen,QB,1.2
2026-07-21,Bijan Robinson,RB,2.4
2026-07-21,Drake Maye,QB,3.5
2026-07-21,Jahmyr Gibbs,RB,4.5
2026-07-21,Ja'Marr Chase,WR,5.2
2026-07-21,Puka Nacua,WR,6.4
2026-07-21,Jaxon Smith-Njigba,WR,7.2
2026-07-21,Jayden Daniels,QB,8.0
2026-07-21,Christian McCaffrey,RB,9.7
2026-07-21,Joe Burrow,QB,10.4
2026-07-21,Lamar Jackson,QB,11.1
2026-07-21,Jonathan Taylor,RB,12.5
2026-07-21,James Cook,RB,13.8
2026-07-21,Caleb Williams,QB,14.2
2026-07-21,CeeDee Lamb,WR,15.6
2026-07-21,Amon-Ra St. Brown,WR,16.3
2026-07-21,Justin Jefferson,WR,17.6
2026-07-21,Drake London,WR,18.6
2026-07-21,Kenneth Walker,RB,19.4
2026-07-21,Ashton Jeanty,RB,20.5
2026-07-21,De'Von Achane,RB,21.2
2026-07-21,Trey McBride,TE,22.3
2026-07-21,Jaxson Dart,QB,23.2
2026-07-21,Justin Herbert,QB,24.9
2026-07-21,Jalen Hurts,QB,25.3
2026-07-21,Patrick Mahomes,QB,26.1
2026-07-21,Omarion Hampton,RB,27.9
2026-07-21,Malik Nabers,WR,28.4
2026-07-21,Saquon Barkley,RB,29.3
2026-07-21,Jeremiyah Love,RB,31.0
2026-07-21,Trevor Lawrence,QB,32.0
2026-07-21,Nico Collins,WR,32.7
2026-07-21,Bo Nix,QB,33.4
2026-07-21,Chase Brown,RB,34.5
2026-07-21,George Pickens,WR,35.9
2026-07-21,Brock Purdy,QB,36.2
2026-07-21,Brock Bowers,TE,37.4
2026-07-21,Chris Olave,WR,39.0
2026-07-21,Fernando Mendoza,QB,39.5
2026-07-21,Josh Jacobs,RB,40.1
2026-07-21,A.J. Brown,WR,41.4
2026-07-21,Bucky Irving,RB,42.1
2026-07-21,Rashee Rice,WR,44.0
2026-07-21,Dak Prescott,QB,44.1
2026-07-21,Derrick Henry,RB,45.7
2026-07-21,Tee Higgins,WR,46.5
2026-07-21,Tetairoa McMillan,WR,47.2
2026-07-21,Breece Hall,RB,48.4
2026-07-21,Jordan Love,QB,50.0
2026-07-21,Kyren Williams,RB,50.6
2026-07-21,Garrett Wilson,WR,51.4
2026-07-21,Luther Burden,WR,52.8
2026-07-21,Travis Etienne,RB,54.0
2026-07-21,Javonte Williams,RB,54.8
2026-07-21,Jaylen Waddle,WR,55.3
2026-07-21,Davante Adams,WR,56.5
2026-07-21,Ladd McConkey,WR,57.3
2026-07-21,Colston Loveland,TE,58.4
2026-07-21,Zay Flowers,WR,60.0
2026-07-21,Jameson Williams,WR,60.9
2026-07-21,TreVeyon Henderson,RB,61.5
2026-07-21,DeVonta Smith,WR,63.0
2026-07-21,Emeka Egbuka,WR,63.7
2026-07-21,Baker Mayfield,QB,64.0
2026-07-21,Jared Goff,QB,65.1
2026-07-21,Terry McLaurin,WR,67.0
2026-07-21,Tyler Warren,TE,67.4
2026-07-21,RJ Harvey,RB,68.3
2026-07-21,DJ Moore,WR,69.9
2026-07-21,Cam Skattebo,RB,70.8
2026-07-21,Bhayshul Tuten,RB,71.2
2026-07-21,Cam Ward,QB,72.0
2026-07-21,Mike Evans,WR,73.1
2026-07-21,Carnell Tate,WR,74.2
2026-07-21,D'Andre Swift,RB,75.3
2026-07-21,C.J. Stroud,QB,76.4
2026-07-21,Quinshon Judkins,RB,77.3
2026-07-21,Tyler Shough,QB,78.9
2026-07-21,Harold Fannin,TE,79.7
2026-07-21,Sam Darnold,QB,80.8
2026-07-21,Christian Watson,WR,81.2
2026-07-21,David Montgomery,RB,82.7
2026-07-21,Jaylen Warren,RB,83.7
2026-07-21,Kyler Murray,QB,84.7
2026-07-21,Rome Odunze,WR,85.8
2026-07-21,Jordyn Tyson,WR,86.9
2026-07-21,Bryce Young,QB,87.3
2026-07-21,Matthew Stafford,QB,88.4
2026-07-21,Tucker Kraft,TE,89.5
2026-07-21,Courtland Sutton,WR,90.9
2026-07-21,Kyle Pitts,TE,91.1
2026-07-21,Daniel Jones,QB,93.0
2026-07-21,Malik Willis,QB,94.0
2026-07-21,DK Metcalf,WR,94.0
2026-07-21,Rhamondre Stevenson,RB,95.9
2026-07-21,Michael Wilson,WR,96.5
2026-07-21,Makai Lemon,WR,97.6
2026-07-21,Jakobi Meyers,WR,98.2
2026-07-21,Brian Thomas,WR,100.0
2026-07-21,Kyle Monangai,RB,100.7
2026-07-21,Sam LaPorta,TE,101.0
2026-07-21,Dalton Kincaid,TE,102.8
2026-07-21,Marvin Harrison,WR,103.1
2026-07-21,Tony Pollard,RB,104.5
2026-07-21,Rico Dowdle,RB,105.9
2026-07-21,Oronde Gadsden,TE,106.3
2026-07-21,Chuba Hubbard,RB,107.9
2026-07-21,Blake Corum,RB,108.0
2026-07-21,Ricky Pearsall,WR,109.5
2026-07-21,Alec Pierce,WR,110.9
2026-07-21,Chris Godwin,WR,111.4
2026-07-21,Parker Washington,WR,112.0
2026-07-21,Hunter Henry,TE,113.6
2026-07-21,Dallas Goedert,TE,114.3
2026-07-21,J.K. Dobbins,RB,115.9
2026-07-21,Mark Andrews,TE,117.0
2026-07-21,Jake Ferguson,TE,117.1
2026-07-21,Dalton Schultz,TE,118.6
2026-07-21,Jordan Addison,WR,119.8
2026-07-21,Ty Simpson,QB,120.2
2026-07-21,George Kittle,TE,121.1
2026-07-21,Brian Robinson,RB,122.2
2026-07-21,Juwan Johnson,TE,123.6
2026-07-21,Wan'Dale Robinson,WR,125.0
2026-07-21,Brenton Strange,TE,125.0
2026-07-21,Travis Kelce,TE,126.1
2026-07-21,Michael Pittman,WR,127.0
2026-07-21,Kenyon Sadiq,TE,128.2
2026-07-21,Quentin Johnston,WR,129.2
2026-07-21,Aaron Jones,RB,130.8
2026-07-21,Kenneth Gainwell,RB,131.2
2026-07-21,Isaiah Likely,TE,132.9
2026-07-21,Stefon Diggs,WR,133.0
2026-07-21,Tyler Allgeier,RB,134.3
2026-07-21,Romeo Doubs,WR,135.8
2026-07-21,James Conner,RB,136.9
2026-07-21,Jayden Reed,WR,137.3
2026-07-21,Jacory Croskey-Merritt,RB,138.5
2026-07-21,Khalil Shakir,WR,140.0
2026-07-21,Xavier Worthy,WR,141.0
2026-07-21,Jauan Jennings,WR,141.0
2026-07-21,Jadarian Price,RB,143.0
2026-07-21,AJ Barner,TE,143.0
2026-07-21,Zach Charbonnet,RB,145.0
2026-07-21,Tua Tagovailoa,QB,146.0
2026-07-21,Jayden Higgins,WR,146.7
2026-07-21,T.J. Hockenson,TE,148.0
2026-07-21,Woody Marks,RB,148.8
2026-07-21,KC Concepcion,WR,149.9
2026-07-21,Michael Penix,QB,150.4
2026-07-21,J.J. McCarthy,QB,151.5
2026-07-21,David Njoku,TE,152.8
2026-07-21,Jalen Coker,WR,153.2
2026-07-21,Tyrone Tracy,RB,154.4
2026-07-21,Jordan Mason,RB,155.4
2026-07-21,Josh Downs,WR,156.2
2026-07-21,Emmett Johnson,RB,157.6
2026-07-21,Colby Parkinson,TE,158.1
2026-07-21,Jacoby Brissett,QB,159.6
2026-07-21,Chig Okonkwo,TE,161.0
2026-07-21,Trey Benson,RB,161.0
2026-07-21,Shedeur Sanders,QB,162.0
2026-07-21,Mason Taylor,TE,163.4
2026-07-21,Jonah Coleman,RB,164.1
2026-07-21,Eli Stowers,TE,165.2
2026-07-21,Alvin Kamara,RB,166.1
2026-07-21,Terrance Ferguson,TE,167.0
2026-07-21,Tyjae Spears,RB,168.0
2026-07-21,Rachaad White,RB,169.1
2026-07-21,Theo Johnson,TE,170.6
2026-07-21,Tyreek Hill,WR,171.0
2026-07-21,Cade Otton,TE,173.0
2026-07-21,Deebo Samuel,WR,173.4
2026-07-21,Omar Cooper,WR,174.5
2026-07-21,Dylan Sampson,RB,175.8
2026-07-21,Gunnar Helm,TE,176.4
2026-07-21,Denzel Boston,WR,177.9
2026-07-21,Antonio Williams,WR,179.8
2026-07-21,Travis Hunter,WR,180.4
2026-07-21,Mac Jones,QB,181.0
2026-07-21,Anthony Richardson,QB,182.2
2026-07-21,Matthew Golden,WR,184.0
2026-07-21,Jerry Jeudy,WR,185.0
2026-07-21,Braelon Allen,RB,185.4
2026-07-21,Geno Smith,QB,186.5
2026-07-21,Rashid Shaheed,WR,187.2
2026-07-21,Adonai Mitchell,WR,188.2
2026-07-21,Kayshon Boutte,WR,189.7
2026-07-21,Mike Washington,RB,190.6
2026-07-21,Jalen McMillan,WR,192.0
2026-07-21,Kimani Vidal,RB,193.0
2026-07-21,Chris Rodriguez,RB,193.8
2026-07-21,Jonathon Brooks,RB,194.1
2026-07-21,Troy Franklin,WR,195.2
2026-07-21,Pat Bryant,WR,196.1
2026-07-21,Tank Bigsby,RB,197.7
2026-07-21,Chimere Dike,WR,199.0
2026-07-21,Keaton Mitchell,RB,199.2
2026-07-21,Brandon Aiyuk,WR,200.0
2026-07-21,Isiah Pacheco,RB,201.4
2026-07-21,Jake Tonges,TE,202.4
2026-07-21,Sean Tucker,RB,204.0
2026-07-21,Tre' Harris,WR,204.8
2026-07-21,Calvin Ridley,WR,205.3
2026-07-21,Kaytron Allen,RB,206.7
2026-07-21,Ja'Kobi Lane,WR,207.3
2026-07-21,Isaac TeSlaa,WR,209.0
2026-07-21,Elic Ayomanor,WR,210.0
2026-07-21,Emanuel Wilson,RB,210.4
2026-07-21,Joe Mixon,RB,211.2
2026-07-21,Zachariah Branch,WR,212.8
2026-07-21,Tank Dell,WR,213.9
2026-07-21,Tre Tucker,WR,214.2
2026-07-21,Justin Fields,QB,216.0
2026-07-21,Garrett Nussmeier,QB,216.2
2026-07-21,Ray Davis,RB,217.1
2026-07-21,Nicholas Singleton,RB,218.9
2026-07-21,Aaron Rodgers,QB,219.9
2026-07-21,Devin Neal,RB,220.1
2026-07-21,Najee Harris,RB,221.2
2026-07-21,Jaylin Noel,WR,222.4
2026-07-21,Jaylen Wright,RB,223.3
2026-07-21,Kaleb Johnson,RB,224.7
2026-07-21,Demond Claiborne,RB,225.8
2026-07-21,Marvin Mims,WR,226.8
2026-07-21,Jalen Milroe,QB,227.2
2026-07-21,Germie Bernard,WR,228.4
2026-07-21,Darnell Mooney,WR,229.7
2026-07-21,Kyle Williams,WR,230.1
2026-07-21,Ted Hurst,WR,231.3
2026-07-21,Kendre Miller,RB,233.0
2026-07-21,Jalen Nailor,WR,233.1
2026-07-21,Brashard Smith,RB,234.7
2026-07-21,Ryan Flournoy,WR,235.5
2026-07-21,Tory Horton,WR,236.8
2026-07-21,Kirk Cousins,QB,237.7
2026-07-21,Elijah Sarratt,WR,238.5
2026-07-21,Chris Brazzell,WR,240.0
2026-07-21,Will Howard,QB,240.9
2026-07-21,Chris Bell,WR,241.9
2026-07-21,Rashod Bateman,WR,242.8
2026-07-21,Keenan Allen,WR,243.3
2026-07-21,Keon Coleman,WR,244.0
2026-07-21,Cooper Kupp,WR,245.5
2026-07-21,Jaydon Blue,RB,246.4
2026-07-21,Audric Estime,RB,247.1
2026-07-21,Jack Bech,WR,248.9
2026-07-21,Devaughn Vele,WR,249.1
2026-07-22,Josh Allen,QB,1.2
2026-07-22,Bijan Robinson,RB,2.4
2026-07-22,Drake Maye,QB,3.5
2026-07-22,Jahmyr Gibbs,RB,4.5
2026-07-22,Ja'Marr Chase,WR,5.2
2026-07-22,Puka Nacua,WR,6.4
2026-07-22,Jaxon Smith-Njigba,WR,7.2
2026-07-22,Jayden Daniels,QB,8.0
2026-07-22,Christian McCaffrey,RB,9.7
2026-07-22,Joe Burrow,QB,10.4
2026-07-22,Lamar Jackson,QB,11.1
2026-07-22,Jonathan Taylor,RB,12.5
2026-07-22,James Cook,RB,13.8
2026-07-22,Caleb Williams,QB,14.2
2026-07-22,CeeDee Lamb,WR,15.6
2026-07-22,Amon-Ra St. Brown,WR,16.3
2026-07-22,Justin Jefferson,WR,17.6
2026-07-22,Drake London,WR,18.6
2026-07-22,Kenneth Walker,RB,19.4
2026-07-22,Ashton Jeanty,RB,20.5
2026-07-22,De'Von Achane,RB,21.2
2026-07-22,Trey McBride,TE,22.3
2026-07-22,Jaxson Dart,QB,23.2
2026-07-22,Justin Herbert,QB,24.9
2026-07-22,Jalen Hurts,QB,25.3
2026-07-22,Patrick Mahomes,QB,26.1
2026-07-22,Omarion Hampton,RB,27.9
2026-07-22,Malik Nabers,WR,28.4
2026-07-22,Saquon Barkley,RB,29.3
2026-07-22,Jeremiyah Love,RB,31.0
2026-07-22,Trevor Lawrence,QB,32.0
2026-07-22,Nico Collins,WR,32.7
2026-07-22,Bo Nix,QB,33.4
2026-07-22,Chase Brown,RB,34.5
2026-07-22,George Pickens,WR,35.9
2026-07-22,Brock Purdy,QB,36.2
2026-07-22,Brock Bowers,TE,37.4
2026-07-22,Chris Olave,WR,39.0
2026-07-22,Fernando Mendoza,QB,39.5
2026-07-22,Josh Jacobs,RB,40.1
2026-07-22,A.J. Brown,WR,41.4
2026-07-22,Bucky Irving,RB,42.1
2026-07-22,Rashee Rice,WR,44.0
2026-07-22,Dak Prescott,QB,44.1
2026-07-22,Derrick Henry,RB,45.7
2026-07-22,Tee Higgins,WR,46.5
2026-07-22,Tetairoa McMillan,WR,47.2
2026-07-22,Breece Hall,RB,48.4
2026-07-22,Jordan Love,QB,50.0
2026-07-22,Kyren Williams,RB,50.6
2026-07-22,Garrett Wilson,WR,51.4
2026-07-22,Luther Burden,WR,52.8
2026-07-22,Travis Etienne,RB,54.0
2026-07-22,Javonte Williams,RB,54.8
2026-07-22,Jaylen Waddle,WR,55.3
2026-07-22,Davante Adams,WR,56.5
2026-07-22,Ladd McConkey,WR,57.3
2026-07-22,Colston Loveland,TE,58.4
2026-07-22,Zay Flowers,WR,60.0
2026-07-22,Jameson Williams,WR,60.9
2026-07-22,TreVeyon Henderson,RB,61.5
2026-07-22,DeVonta Smith,WR,63.0
2026-07-22,Emeka Egbuka,WR,63.7
2026-07-22,Baker Mayfield,QB,64.0
2026-07-22,Jared Goff,QB,65.1
2026-07-22,Terry McLaurin,WR,67.0
2026-07-22,Tyler Warren,TE,67.4
2026-07-22,RJ Harvey,RB,68.3
2026-07-22,DJ Moore,WR,69.9
2026-07-22,Cam Skattebo,RB,70.8
2026-07-22,Bhayshul Tuten,RB,71.2
2026-07-22,Cam Ward,QB,72.0
2026-07-22,Mike Evans,WR,73.1
2026-07-22,Carnell Tate,WR,74.2
2026-07-22,D'Andre Swift,RB,75.3
2026-07-22,C.J. Stroud,QB,76.4
2026-07-22,Quinshon Judkins,RB,77.3
2026-07-22,Tyler Shough,QB,78.9
2026-07-22,Harold Fannin,TE,79.7
2026-07-22,Sam Darnold,QB,80.8
2026-07-22,Christian Watson,WR,81.2
2026-07-22,David Montgomery,RB,82.7
2026-07-22,Jaylen Warren,RB,83.7
2026-07-22,Kyler Murray,QB,84.7
2026-07-22,Rome Odunze,WR,85.8
2026-07-22,Jordyn Tyson,WR,86.9
2026-07-22,Bryce Young,QB,87.3
2026-07-22,Matthew Stafford,QB,88.4
2026-07-22,Tucker Kraft,TE,89.5
2026-07-22,Courtland Sutton,WR,90.9
2026-07-22,Kyle Pitts,TE,91.1
2026-07-22,Daniel Jones,QB,93.0
2026-07-22,Malik Willis,QB,94.0
2026-07-22,DK Metcalf,WR,94.0
2026-07-22,Rhamondre Stevenson,RB,95.9
2026-07-22,Michael Wilson,WR,96.5
2026-07-22,Makai Lemon,WR,97.6
2026-07-22,Jakobi Meyers,WR,98.2
2026-07-22,Brian Thomas,WR,100.0
2026-07-22,Kyle Monangai,RB,100.7
2026-07-22,Sam LaPorta,TE,101.0
2026-07-22,Dalton Kincaid,TE,102.8
2026-07-22,Marvin Harrison,WR,103.1
2026-07-22,Tony Pollard,RB,104.5
2026-07-22,Rico Dowdle,RB,105.9
2026-07-22,Oronde Gadsden,TE,106.3
2026-07-22,Chuba Hubbard,RB,107.9
2026-07-22,Blake Corum,RB,108.0
2026-07-22,Ricky Pearsall,WR,109.5
2026-07-22,Alec Pierce,WR,110.9
2026-07-22,Chris Godwin,WR,111.4
2026-07-22,Parker Washington,WR,112.0
2026-07-22,Hunter Henry,TE,113.6
2026-07-22,Dallas Goedert,TE,114.3
2026-07-22,J.K. Dobbins,RB,115.9
2026-07-22,Mark Andrews,TE,117.0
2026-07-22,Jake Ferguson,TE,117.1
2026-07-22,Dalton Schultz,TE,118.6
2026-07-22,Jordan Addison,WR,119.8
2026-07-22,Ty Simpson,QB,120.2
2026-07-22,George Kittle,TE,121.1
2026-07-22,Brian Robinson,RB,122.2
2026-07-22,Juwan Johnson,TE,123.6
2026-07-22,Wan'Dale Robinson,WR,125.0
2026-07-22,Brenton Strange,TE,125.0
2026-07-22,Travis Kelce,TE,126.1
2026-07-22,Michael Pittman,WR,127.0
2026-07-22,Kenyon Sadiq,TE,128.2
2026-07-22,Quentin Johnston,WR,129.2
2026-07-22,Aaron Jones,RB,130.8
2026-07-22,Kenneth Gainwell,RB,131.2
2026-07-22,Isaiah Likely,TE,132.9
2026-07-22,Stefon Diggs,WR,133.0
2026-07-22,Tyler Allgeier,RB,134.3
2026-07-22,Romeo Doubs,WR,135.8
2026-07-22,James Conner,RB,136.9
2026-07-22,Jayden Reed,WR,137.3
2026-07-22,Jacory Croskey-Merritt,RB,138.5
2026-07-22,Khalil Shakir,WR,140.0
2026-07-22,Xavier Worthy,WR,141.0
2026-07-22,Jauan Jennings,WR,141.0
2026-07-22,Jadarian Price,RB,143.0
2026-07-22,AJ Barner,TE,143.0
2026-07-22,Zach Charbonnet,RB,145.0
2026-07-22,Tua Tagovailoa,QB,146.0
2026-07-22,Jayden Higgins,WR,146.7
2026-07-22,T.J. Hockenson,TE,148.0
2026-07-22,Woody Marks,RB,148.8
2026-07-22,KC Concepcion,WR,149.9
2026-07-22,Michael Penix,QB,150.4
2026-07-22,J.J. McCarthy,QB,151.5
2026-07-22,David Njoku,TE,152.8
2026-07-22,Jalen Coker,WR,153.2
2026-07-22,Tyrone Tracy,RB,154.4
2026-07-22,Jordan Mason,RB,155.4
2026-07-22,Josh Downs,WR,156.2
2026-07-22,Emmett Johnson,RB,157.6
2026-07-22,Colby Parkinson,TE,158.1
2026-07-22,Jacoby Brissett,QB,159.6
2026-07-22,Chig Okonkwo,TE,161.0
2026-07-22,Trey Benson,RB,161.0
2026-07-22,Shedeur Sanders,QB,162.0
2026-07-22,Mason Taylor,TE,163.4
2026-07-22,Jonah Coleman,RB,164.1
2026-07-22,Eli Stowers,TE,165.2
2026-07-22,Alvin Kamara,RB,166.1
2026-07-22,Terrance Ferguson,TE,167.0
2026-07-22,Tyjae Spears,RB,168.0
2026-07-22,Rachaad White,RB,169.1
2026-07-22,Theo Johnson,TE,170.6
2026-07-22,Tyreek Hill,WR,171.0
2026-07-22,Cade Otton,TE,173.0
2026-07-22,Deebo Samuel,WR,173.4
2026-07-22,Omar Cooper,WR,174.5
2026-07-22,Dylan Sampson,RB,175.8
2026-07-22,Gunnar Helm,TE,176.4
2026-07-22,Denzel Boston,WR,177.9
2026-07-22,Antonio Williams,WR,179.8
2026-07-22,Travis Hunter,WR,180.4
2026-07-22,Mac Jones,QB,181.0
2026-07-22,Anthony Richardson,QB,182.2
2026-07-22,Matthew Golden,WR,184.0
2026-07-22,Jerry Jeudy,WR,185.0
2026-07-22,Braelon Allen,RB,185.4
2026-07-22,Geno Smith,QB,186.5
2026-07-22,Rashid Shaheed,WR,187.2
2026-07-22,Adonai Mitchell,WR,188.2
2026-07-22,Kayshon Boutte,WR,189.7
2026-07-22,Mike Washington,RB,190.6
2026-07-22,Jalen McMillan,WR,192.0
2026-07-22,Kimani Vidal,RB,193.0
2026-07-22,Chris Rodriguez,RB,193.8
2026-07-22,Jonathon Brooks,RB,194.1
2026-07-22,Troy Franklin,WR,195.2
2026-07-22,Pat Bryant,WR,196.1
2026-07-22,Tank Bigsby,RB,197.7
2026-07-22,Chimere Dike,WR,199.0
2026-07-22,Keaton Mitchell,RB,199.2
2026-07-22,Brandon Aiyuk,WR,200.0
2026-07-22,Isiah Pacheco,RB,201.4
2026-07-22,Jake Tonges,TE,202.4
2026-07-22,Sean Tucker,RB,204.0
2026-07-22,Tre' Harris,WR,204.8
2026-07-22,Calvin Ridley,WR,205.3
2026-07-22,Kaytron Allen,RB,206.7
2026-07-22,Ja'Kobi Lane,WR,207.3
2026-07-22,Isaac TeSlaa,WR,209.0
2026-07-22,Elic Ayomanor,WR,210.0
2026-07-22,Emanuel Wilson,RB,210.4
2026-07-22,Joe Mixon,RB,211.2
2026-07-22,Zachariah Branch,WR,212.8
2026-07-22,Tank Dell,WR,213.9
2026-07-22,Tre Tucker,WR,214.2
2026-07-22,Justin Fields,QB,216.0
2026-07-22,Garrett Nussmeier,QB,216.2
2026-07-22,Ray Davis,RB,217.1
2026-07-22,Nicholas Singleton,RB,218.9
2026-07-22,Aaron Rodgers,QB,219.9
2026-07-22,Devin Neal,RB,220.1
2026-07-22,Najee Harris,RB,221.2
2026-07-22,Jaylin Noel,WR,222.4
2026-07-22,Jaylen Wright,RB,223.3
2026-07-22,Kaleb Johnson,RB,224.7
2026-07-22,Demond Claiborne,RB,225.8
2026-07-22,Marvin Mims,WR,226.8
2026-07-22,Jalen Milroe,QB,227.2
2026-07-22,Germie Bernard,WR,228.4
2026-07-22,Darnell Mooney,WR,229.7
2026-07-22,Kyle Williams,WR,230.1
2026-07-22,Ted Hurst,WR,231.3
2026-07-22,Kendre Miller,RB,233.0
2026-07-22,Jalen Nailor,WR,233.1
2026-07-22,Brashard Smith,RB,234.7
2026-07-22,Ryan Flournoy,WR,235.5
2026-07-22,Tory Horton,WR,236.8
2026-07-22,Kirk Cousins,QB,237.7
2026-07-22,Elijah Sarratt,WR,238.5
2026-07-22,Chris Brazzell,WR,240.0
2026-07-22,Will Howard,QB,240.9
2026-07-22,Chris Bell,WR,241.9
2026-07-22,Rashod Bateman,WR,242.8
2026-07-22,Keenan Allen,WR,243.3
2026-07-22,Keon Coleman,WR,244.0
2026-07-22,Cooper Kupp,WR,245.5
2026-07-22,Jaydon Blue,RB,246.4
2026-07-22,Audric Estime,RB,247.1
2026-07-22,Jack Bech,WR,248.9
2026-07-22,Devaughn Vele,WR,249.1
2026-07-28,Josh Allen,QB,1.2
2026-07-28,Bijan Robinson,RB,2.4
2026-07-28,Drake Maye,QB,3.5
2026-07-28,Jahmyr Gibbs,RB,4.5
2026-07-28,Ja'Marr Chase,WR,5.2
2026-07-28,Puka Nacua,WR,6.4
2026-07-28,Jaxon Smith-Njigba,WR,7.2
2026-07-28,Jayden Daniels,QB,8.0
2026-07-28,Christian McCaffrey,RB,9.7
2026-07-28,Joe Burrow,QB,10.4
2026-07-28,Lamar Jackson,QB,11.1
2026-07-28,Jonathan Taylor,RB,12.5
2026-07-28,James Cook,RB,13.8
2026-07-28,Caleb Williams,QB,14.2
2026-07-28,CeeDee Lamb,WR,15.6
2026-07-28,Amon-Ra St. Brown,WR,16.3
2026-07-28,Justin Jefferson,WR,17.6
2026-07-28,Drake London,WR,18.6
2026-07-28,Kenneth Walker,RB,19.4
2026-07-28,Ashton Jeanty,RB,20.5
2026-07-28,De'Von Achane,RB,21.2
2026-07-28,Trey McBride,TE,22.3
2026-07-28,Jaxson Dart,QB,23.2
2026-07-28,Justin Herbert,QB,24.9
2026-07-28,Jalen Hurts,QB,25.3
2026-07-28,Patrick Mahomes,QB,26.1
2026-07-28,Omarion Hampton,RB,27.9
2026-07-28,Malik Nabers,WR,28.4
2026-07-28,Saquon Barkley,RB,29.3
2026-07-28,Jeremiyah Love,RB,31.0
2026-07-28,Trevor Lawrence,QB,32.0
2026-07-28,Nico Collins,WR,32.7
2026-07-28,Bo Nix,QB,33.4
2026-07-28,Chase Brown,RB,34.5
2026-07-28,George Pickens,WR,35.9
2026-07-28,Brock Purdy,QB,36.2
2026-07-28,Brock Bowers,TE,37.4
2026-07-28,Chris Olave,WR,39.0
2026-07-28,Fernando Mendoza,QB,39.5
2026-07-28,Josh Jacobs,RB,40.1
2026-07-28,A.J. Brown,WR,41.4
2026-07-28,Bucky Irving,RB,42.1
2026-07-28,Rashee Rice,WR,44.0
2026-07-28,Dak Prescott,QB,44.1
2026-07-28,Derrick Henry,RB,45.7
2026-07-28,Tee Higgins,WR,46.5
2026-07-28,Tetairoa McMillan,WR,47.2
2026-07-28,Breece Hall,RB,48.4
2026-07-28,Jordan Love,QB,50.0
2026-07-28,Kyren Williams,RB,50.6
2026-07-28,Garrett Wilson,WR,51.4
2026-07-28,Luther Burden,WR,52.8
2026-07-28,Travis Etienne,RB,54.0
2026-07-28,Javonte Williams,RB,54.8
2026-07-28,Jaylen Waddle,WR,55.3
2026-07-28,Davante Adams,WR,56.5
2026-07-28,Ladd McConkey,WR,57.3
2026-07-28,Colston Loveland,TE,58.4
2026-07-28,Zay Flowers,WR,60.0
2026-07-28,Jameson Williams,WR,60.9
2026-07-28,TreVeyon Henderson,RB,61.5
2026-07-28,DeVonta Smith,WR,63.0
2026-07-28,Emeka Egbuka,WR,63.7
2026-07-28,Baker Mayfield,QB,64.0
2026-07-28,Jared Goff,QB,65.1
2026-07-28,Terry McLaurin,WR,67.0
2026-07-28,Tyler Warren,TE,67.4
2026-07-28,RJ Harvey,RB,68.3
2026-07-28,DJ Moore,WR,69.9
2026-07-28,Cam Skattebo,RB,70.8
2026-07-28,Bhayshul Tuten,RB,71.2
2026-07-28,Cam Ward,QB,72.0
2026-07-28,Mike Evans,WR,73.1
2026-07-28,Carnell Tate,WR,74.2
2026-07-28,D'Andre Swift,RB,75.3
2026-07-28,C.J. Stroud,QB,76.4
2026-07-28,Quinshon Judkins,RB,77.3
2026-07-28,Tyler Shough,QB,78.9
2026-07-28,Harold Fannin,TE,79.7
2026-07-28,Sam Darnold,QB,80.8
2026-07-28,Christian Watson,WR,81.2
2026-07-28,David Montgomery,RB,82.7
2026-07-28,Jaylen Warren,RB,83.7
2026-07-28,Kyler Murray,QB,84.7
2026-07-28,Rome Odunze,WR,85.8
2026-07-28,Jordyn Tyson,WR,86.9
2026-07-28,Bryce Young,QB,87.3
2026-07-28,Matthew Stafford,QB,88.4
2026-07-28,Tucker Kraft,TE,89.5
2026-07-28,Courtland Sutton,WR,90.9
2026-07-28,Kyle Pitts,TE,91.1
2026-07-28,Daniel Jones,QB,93.0
2026-07-28,Malik Willis,QB,94.0
2026-07-28,DK Metcalf,WR,94.0
2026-07-28,Rhamondre Stevenson,RB,95.9
2026-07-28,Michael Wilson,WR,96.5
2026-07-28,Makai Lemon,WR,97.6
2026-07-28,Jakobi Meyers,WR,98.2
2026-07-28,Brian Thomas,WR,100.0
2026-07-28,Kyle Monangai,RB,100.7
2026-07-28,Sam LaPorta,TE,101.0
2026-07-28,Dalton Kincaid,TE,102.8
2026-07-28,Marvin Harrison,WR,103.1
2026-07-28,Tony Pollard,RB,104.5
2026-07-28,Rico Dowdle,RB,105.9
2026-07-28,Oronde Gadsden,TE,106.3
2026-07-28,Chuba Hubbard,RB,107.9
2026-07-28,Blake Corum,RB,108.0
2026-07-28,Ricky Pearsall,WR,109.5
2026-07-28,Alec Pierce,WR,110.9
2026-07-28,Chris Godwin,WR,111.4
2026-07-28,Parker Washington,WR,112.0
2026-07-28,Hunter Henry,TE,113.6
2026-07-28,Dallas Goedert,TE,114.3
2026-07-28,J.K. Dobbins,RB,115.9
2026-07-28,Mark Andrews,TE,117.0
2026-07-28,Jake Ferguson,TE,117.1
2026-07-28,Dalton Schultz,TE,118.6
2026-07-28,Jordan Addison,WR,119.8
2026-07-28,Ty Simpson,QB,120.2
2026-07-28,George Kittle,TE,121.1
2026-07-28,Brian Robinson,RB,122.2
2026-07-28,Juwan Johnson,TE,123.6
2026-07-28,Wan'Dale Robinson,WR,125.0
2026-07-28,Brenton Strange,TE,125.0
2026-07-28,Travis Kelce,TE,126.1
2026-07-28,Michael Pittman,WR,127.0
2026-07-28,Kenyon Sadiq,TE,128.2
2026-07-28,Quentin Johnston,WR,129.2
2026-07-28,Aaron Jones,RB,130.8
2026-07-28,Kenneth Gainwell,RB,131.2
2026-07-28,Isaiah Likely,TE,132.9
2026-07-28,Stefon Diggs,WR,133.0
2026-07-28,Tyler Allgeier,RB,134.3
2026-07-28,Romeo Doubs,WR,135.8
2026-07-28,James Conner,RB,136.9
2026-07-28,Jayden Reed,WR,137.3
2026-07-28,Jacory Croskey-Merritt,RB,138.5
2026-07-28,Khalil Shakir,WR,140.0
2026-07-28,Xavier Worthy,WR,141.0
2026-07-28,Jauan Jennings,WR,141.0
2026-07-28,Jadarian Price,RB,143.0
2026-07-28,AJ Barner,TE,143.0
2026-07-28,Zach Charbonnet,RB,145.0
2026-07-28,Tua Tagovailoa,QB,146.0
2026-07-28,Jayden Higgins,WR,146.7
2026-07-28,T.J. Hockenson,TE,148.0
2026-07-28,Woody Marks,RB,148.8
2026-07-28,KC Concepcion,WR,149.9
2026-07-28,Michael Penix,QB,150.4
2026-07-28,J.J. McCarthy,QB,151.5
2026-07-28,David Njoku,TE,152.8
2026-07-28,Jalen Coker,WR,153.2
2026-07-28,Tyrone Tracy,RB,154.4
2026-07-28,Jordan Mason,RB,155.4
2026-07-28,Josh Downs,WR,156.2
2026-07-28,Emmett Johnson,RB,157.6
2026-07-28,Colby Parkinson,TE,158.1
2026-07-28,Jacoby Brissett,QB,159.6
2026-07-28,Chig Okonkwo,TE,161.0
2026-07-28,Trey Benson,RB,161.0
2026-07-28,Shedeur Sanders,QB,162.0
2026-07-28,Mason Taylor,TE,163.4
2026-07-28,Jonah Coleman,RB,164.1
2026-07-28,Eli Stowers,TE,165.2
2026-07-28,Alvin Kamara,RB,166.1
2026-07-28,Terrance Ferguson,TE,167.0
2026-07-28,Tyjae Spears,RB,168.0
2026-07-28,Rachaad White,RB,169.1
2026-07-28,Theo Johnson,TE,170.6
2026-07-28,Tyreek Hill,WR,171.0
2026-07-28,Cade Otton,TE,173.0
2026-07-28,Deebo Samuel,WR,173.4
2026-07-28,Omar Cooper,WR,174.5
2026-07-28,Dylan Sampson,RB,175.8
2026-07-28,Gunnar Helm,TE,176.4
2026-07-28,Denzel Boston,WR,177.9
2026-07-28,Antonio Williams,WR,179.8
2026-07-28,Travis Hunter,WR,180.4
2026-07-28,Mac Jones,QB,181.0
2026-07-28,Anthony Richardson,QB,182.2
2026-07-28,Matthew Golden,WR,184.0
2026-07-28,Jerry Jeudy,WR,185.0
2026-07-28,Braelon Allen,RB,185.4
2026-07-28,Geno Smith,QB,186.5
2026-07-28,Rashid Shaheed,WR,187.2
2026-07-28,Adonai Mitchell,WR,188.2
2026-07-28,Kayshon Boutte,WR,189.7
2026-07-28,Mike Washington,RB,190.6
2026-07-28,Jalen McMillan,WR,192.0
2026-07-28,Kimani Vidal,RB,193.0
2026-07-28,Chris Rodriguez,RB,193.8
2026-07-28,Jonathon Brooks,RB,194.1
2026-07-28,Troy Franklin,WR,195.2
2026-07-28,Pat Bryant,WR,196.1
2026-07-28,Tank Bigsby,RB,197.7
2026-07-28,Chimere Dike,WR,199.0
2026-07-28,Keaton Mitchell,RB,199.2
2026-07-28,Brandon Aiyuk,WR,200.0
2026-07-28,Isiah Pacheco,RB,201.4
2026-07-28,Jake Tonges,TE,202.4
2026-07-28,Sean Tucker,RB,204.0
2026-07-28,Tre' Harris,WR,204.8
2026-07-28,Calvin Ridley,WR,205.3
2026-07-28,Kaytron Allen,RB,206.7
2026-07-28,Ja'Kobi Lane,WR,207.3
2026-07-28,Isaac TeSlaa,WR,209.0
2026-07-28,Elic Ayomanor,WR,210.0
2026-07-28,Emanuel Wilson,RB,210.4
2026-07-28,Joe Mixon,RB,211.2
2026-07-28,Zachariah Branch,WR,212.8
2026-07-28,Tank Dell,WR,213.9
2026-07-28,Tre Tucker,WR,214.2
2026-07-28,Justin Fields,QB,216.0
2026-07-28,Garrett Nussmeier,QB,216.2
2026-07-28,Ray Davis,RB,217.1
2026-07-28,Nicholas Singleton,RB,218.9
2026-07-28,Aaron Rodgers,QB,219.9
2026-07-28,Devin Neal,RB,220.1
2026-07-28,Najee Harris,RB,221.2
2026-07-28,Jaylin Noel,WR,222.4
2026-07-28,Jaylen Wright,RB,223.3
2026-07-28,Kaleb Johnson,RB,224.7
2026-07-28,Demond Claiborne,RB,225.8
2026-07-28,Marvin Mims,WR,226.8
2026-07-28,Jalen Milroe,QB,227.2
2026-07-28,Germie Bernard,WR,228.4
2026-07-28,Darnell Mooney,WR,229.7
2026-07-28,Kyle Williams,WR,230.1
2026-07-28,Ted Hurst,WR,231.3
2026-07-28,Kendre Miller,RB,233.0
2026-07-28,Jalen Nailor,WR,233.1
2026-07-28,Brashard Smith,RB,234.7
2026-07-28,Ryan Flournoy,WR,235.5
2026-07-28,Tory Horton,WR,236.8
2026-07-28,Kirk Cousins,QB,237.7
2026-07-28,Elijah Sarratt,WR,238.5
2026-07-28,Chris Brazzell,WR,240.0
2026-07-28,Will Howard,QB,240.9
2026-07-28,Chris Bell,WR,241.9
2026-07-28,Rashod Bateman,WR,242.8
2026-07-28,Keenan Allen,WR,243.3
2026-07-28,Keon Coleman,WR,244.0
2026-07-28,Cooper Kupp,WR,245.5
2026-07-28,Jaydon Blue,RB,246.4
2026-07-28,Audric Estime,RB,247.1
2026-07-28,Jack Bech,WR,248.9
2026-07-28,Devaughn Vele,WR,249.1
2026-07-29,Josh Allen,QB,1.2
2026-07-29,Bijan Robinson,RB,2.4
2026-07-29,Drake Maye,QB,3.5
2026-07-29,Jahmyr Gibbs,RB,4.5
2026-07-29,Ja'Marr Chase,WR,5.2
2026-07-29,Puka Nacua,WR,6.4
2026-07-29,Jaxon Smith-Njigba,WR,7.2
2026-07-29,Jayden Daniels,QB,8.0
2026-07-29,Christian McCaffrey,RB,9.7
2026-07-29,Joe Burrow,QB,10.4
2026-07-29,Lamar Jackson,QB,11.1
2026-07-29,Jonathan Taylor,RB,12.5
2026-07-29,James Cook,RB,13.8
2026-07-29,Caleb Williams,QB,14.2
2026-07-29,CeeDee Lamb,WR,15.6
2026-07-29,Amon-Ra St. Brown,WR,16.3
2026-07-29,Justin Jefferson,WR,17.6
2026-07-29,Drake London,WR,18.6
2026-07-29,Kenneth Walker,RB,19.4
2026-07-29,Ashton Jeanty,RB,20.5
2026-07-29,De'Von Achane,RB,21.2
2026-07-29,Trey McBride,TE,22.3
2026-07-29,Jaxson Dart,QB,23.2
2026-07-29,Justin Herbert,QB,24.9
2026-07-29,Jalen Hurts,QB,25.3
2026-07-29,Patrick Mahomes,QB,26.1
2026-07-29,Omarion Hampton,RB,27.9
2026-07-29,Malik Nabers,WR,28.4
2026-07-29,Saquon Barkley,RB,29.3
2026-07-29,Jeremiyah Love,RB,31.0
2026-07-29,Trevor Lawrence,QB,32.0
2026-07-29,Nico Collins,WR,32.7
2026-07-29,Bo Nix,QB,33.4
2026-07-29,Chase Brown,RB,34.5
2026-07-29,George Pickens,WR,35.9
2026-07-29,Brock Purdy,QB,36.2
2026-07-29,Brock Bowers,TE,37.4
2026-07-29,Chris Olave,WR,39.0
2026-07-29,Fernando Mendoza,QB,39.5
2026-07-29,Josh Jacobs,RB,40.1
2026-07-29,A.J. Brown,WR,41.4
2026-07-29,Bucky Irving,RB,42.1
2026-07-29,Rashee Rice,WR,44.0
2026-07-29,Dak Prescott,QB,44.1
2026-07-29,Derrick Henry,RB,45.7
2026-07-29,Tee Higgins,WR,46.5
2026-07-29,Tetairoa McMillan,WR,47.2
2026-07-29,Breece Hall,RB,48.4
2026-07-29,Jordan Love,QB,50.0
2026-07-29,Kyren Williams,RB,50.6
2026-07-29,Garrett Wilson,WR,51.4
2026-07-29,Luther Burden,WR,52.8
2026-07-29,Travis Etienne,RB,54.0
2026-07-29,Javonte Williams,RB,54.8
2026-07-29,Jaylen Waddle,WR,55.3
2026-07-29,Davante Adams,WR,56.5
2026-07-29,Ladd McConkey,WR,57.3
2026-07-29,Colston Loveland,TE,58.4
2026-07-29,Zay Flowers,WR,60.0
2026-07-29,Jameson Williams,WR,60.9
2026-07-29,TreVeyon Henderson,RB,61.5
2026-07-29,DeVonta Smith,WR,63.0
2026-07-29,Emeka Egbuka,WR,63.7
2026-07-29,Baker Mayfield,QB,64.0
2026-07-29,Jared Goff,QB,65.1
2026-07-29,Terry McLaurin,WR,67.0
2026-07-29,Tyler Warren,TE,67.4
2026-07-29,RJ Harvey,RB,68.3
2026-07-29,DJ Moore,WR,69.9
2026-07-29,Cam Skattebo,RB,70.8
2026-07-29,Bhayshul Tuten,RB,71.2
2026-07-29,Cam Ward,QB,72.0
2026-07-29,Mike Evans,WR,73.1
2026-07-29,Carnell Tate,WR,74.2
2026-07-29,D'Andre Swift,RB,75.3
2026-07-29,C.J. Stroud,QB,76.4
2026-07-29,Quinshon Judkins,RB,77.3
2026-07-29,Tyler Shough,QB,78.9
2026-07-29,Harold Fannin,TE,79.7
2026-07-29,Sam Darnold,QB,80.8
2026-07-29,Christian Watson,WR,81.2
2026-07-29,David Montgomery,RB,82.7
2026-07-29,Jaylen Warren,RB,83.7
2026-07-29,Kyler Murray,QB,84.7
2026-07-29,Rome Odunze,WR,85.8
2026-07-29,Jordyn Tyson,WR,86.9
2026-07-29,Bryce Young,QB,87.3
2026-07-29,Matthew Stafford,QB,88.4
2026-07-29,Tucker Kraft,TE,89.5
2026-07-29,Courtland Sutton,WR,90.9
2026-07-29,Kyle Pitts,TE,91.1
2026-07-29,Daniel Jones,QB,93.0
2026-07-29,Malik Willis,QB,94.0
2026-07-29,DK Metcalf,WR,94.0
2026-07-29,Rhamondre Stevenson,RB,95.9
2026-07-29,Michael Wilson,WR,96.5
2026-07-29,Makai Lemon,WR,97.6
2026-07-29,Jakobi Meyers,WR,98.2
2026-07-29,Brian Thomas,WR,100.0
2026-07-29,Kyle Monangai,RB,100.7
2026-07-29,Sam LaPorta,TE,101.0
2026-07-29,Dalton Kincaid,TE,102.8
2026-07-29,Marvin Harrison,WR,103.1
2026-07-29,Tony Pollard,RB,104.5
2026-07-29,Rico Dowdle,RB,105.9
2026-07-29,Oronde Gadsden,TE,106.3
2026-07-29,Chuba Hubbard,RB,107.9
2026-07-29,Blake Corum,RB,108.0
2026-07-29,Ricky Pearsall,WR,109.5
2026-07-29,Alec Pierce,WR,110.9
2026-07-29,Chris Godwin,WR,111.4
2026-07-29,Parker Washington,WR,112.0
2026-07-29,Hunter Henry,TE,113.6
2026-07-29,Dallas Goedert,TE,114.3
2026-07-29,J.K. Dobbins,RB,115.9
2026-07-29,Mark Andrews,TE,117.0
2026-07-29,Jake Ferguson,TE,117.1
2026-07-29,Dalton Schultz,TE,118.6
2026-07-29,Jordan Addison,WR,119.8
2026-07-29,Ty Simpson,QB,120.2
2026-07-29,George Kittle,TE,121.1
2026-07-29,Brian Robinson,RB,122.2
2026-07-29,Juwan Johnson,TE,123.6
2026-07-29,Wan'Dale Robinson,WR,125.0
2026-07-29,Brenton Strange,TE,125.0
2026-07-29,Travis Kelce,TE,126.1
2026-07-29,Michael Pittman,WR,127.0
2026-07-29,Kenyon Sadiq,TE,128.2
2026-07-29,Quentin Johnston,WR,129.2
2026-07-29,Aaron Jones,RB,130.8
2026-07-29,Kenneth Gainwell,RB,131.2
2026-07-29,Isaiah Likely,TE,132.9
2026-07-29,Stefon Diggs,WR,133.0
2026-07-29,Tyler Allgeier,RB,134.3
2026-07-29,Romeo Doubs,WR,135.8
2026-07-29,James Conner,RB,136.9
2026-07-29,Jayden Reed,WR,137.3
2026-07-29,Jacory Croskey-Merritt,RB,138.5
2026-07-29,Khalil Shakir,WR,140.0
2026-07-29,Xavier Worthy,WR,141.0
2026-07-29,Jauan Jennings,WR,141.0
2026-07-29,Jadarian Price,RB,143.0
2026-07-29,AJ Barner,TE,143.0
2026-07-29,Zach Charbonnet,RB,145.0
2026-07-29,Tua Tagovailoa,QB,146.0
2026-07-29,Jayden Higgins,WR,146.7
2026-07-29,T.J. Hockenson,TE,148.0
2026-07-29,Woody Marks,RB,148.8
2026-07-29,KC Concepcion,WR,149.9
2026-07-29,Michael Penix,QB,150.4
2026-07-29,J.J. McCarthy,QB,151.5
2026-07-29,David Njoku,TE,152.8
2026-07-29,Jalen Coker,WR,153.2
2026-07-29,Tyrone Tracy,RB,154.4
2026-07-29,Jordan Mason,RB,155.4
2026-07-29,Josh Downs,WR,156.2
2026-07-29,Emmett Johnson,RB,157.6
2026-07-29,Colby Parkinson,TE,158.1
2026-07-29,Jacoby Brissett,QB,159.6
2026-07-29,Chig Okonkwo,TE,161.0
2026-07-29,Trey Benson,RB,161.0
2026-07-29,Shedeur Sanders,QB,162.0
2026-07-29,Mason Taylor,TE,163.4
2026-07-29,Jonah Coleman,RB,164.1
2026-07-29,Eli Stowers,TE,165.2
2026-07-29,Alvin Kamara,RB,166.1
2026-07-29,Terrance Ferguson,TE,167.0
2026-07-29,Tyjae Spears,RB,168.0
2026-07-29,Rachaad White,RB,169.1
2026-07-29,Theo Johnson,TE,170.6
2026-07-29,Tyreek Hill,WR,171.0
2026-07-29,Cade Otton,TE,173.0
2026-07-29,Deebo Samuel,WR,173.4
2026-07-29,Omar Cooper,WR,174.5
2026-07-29,Dylan Sampson,RB,175.8
2026-07-29,Gunnar Helm,TE,176.4
2026-07-29,Denzel Boston,WR,177.9
2026-07-29,Antonio Williams,WR,179.8
2026-07-29,Travis Hunter,WR,180.4
2026-07-29,Mac Jones,QB,181.0
2026-07-29,Anthony Richardson,QB,182.2
2026-07-29,Matthew Golden,WR,184.0
2026-07-29,Jerry Jeudy,WR,185.0
2026-07-29,Braelon Allen,RB,185.4
2026-07-29,Geno Smith,QB,186.5
2026-07-29,Rashid Shaheed,WR,187.2
2026-07-29,Adonai Mitchell,WR,188.2
2026-07-29,Kayshon Boutte,WR,189.7
2026-07-29,Mike Washington,RB,190.6
2026-07-29,Jalen McMillan,WR,192.0
2026-07-29,Kimani Vidal,RB,193.0
2026-07-29,Chris Rodriguez,RB,193.8
2026-07-29,Jonathon Brooks,RB,194.1
2026-07-29,Troy Franklin,WR,195.2
2026-07-29,Pat Bryant,WR,196.1
2026-07-29,Tank Bigsby,RB,197.7
2026-07-29,Chimere Dike,WR,199.0
2026-07-29,Keaton Mitchell,RB,199.2
2026-07-29,Brandon Aiyuk,WR,200.0
2026-07-29,Isiah Pacheco,RB,201.4
2026-07-29,Jake Tonges,TE,202.4
2026-07-29,Sean Tucker,RB,204.0
2026-07-29,Tre' Harris,WR,204.8
2026-07-29,Calvin Ridley,WR,205.3
2026-07-29,Kaytron Allen,RB,206.7
2026-07-29,Ja'Kobi Lane,WR,207.3
2026-07-29,Isaac TeSlaa,WR,209.0
2026-07-29,Elic Ayomanor,WR,210.0
2026-07-29,Emanuel Wilson,RB,210.4
2026-07-29,Joe Mixon,RB,211.2
2026-07-29,Zachariah Branch,WR,212.8
2026-07-29,Tank Dell,WR,213.9
2026-07-29,Tre Tucker,WR,214.2
2026-07-29,Justin Fields,QB,216.0
2026-07-29,Garrett Nussmeier,QB,216.2
2026-07-29,Ray Davis,RB,217.1
2026-07-29,Nicholas Singleton,RB,218.9
2026-07-29,Aaron Rodgers,QB,219.9
2026-07-29,Devin Neal,RB,220.1
2026-07-29,Najee Harris,RB,221.2
2026-07-29,Jaylin Noel,WR,222.4
2026-07-29,Jaylen Wright,RB,223.3
2026-07-29,Kaleb Johnson,RB,224.7
2026-07-29,Demond Claiborne,RB,225.8
2026-07-29,Marvin Mims,WR,226.8
2026-07-29,Jalen Milroe,QB,227.2
2026-07-29,Germie Bernard,WR,228.4
2026-07-29,Darnell Mooney,WR,229.7
2026-07-29,Kyle Williams,WR,230.1
2026-07-29,Ted Hurst,WR,231.3
2026-07-29,Kendre Miller,RB,233.0
2026-07-29,Jalen Nailor,WR,233.1
2026-07-29,Brashard Smith,RB,234.7
2026-07-29,Ryan Flournoy,WR,235.5
2026-07-29,Tory Horton,WR,236.8
2026-07-29,Kirk Cousins,QB,237.7
2026-07-29,Elijah Sarratt,WR,238.5
2026-07-29,Chris Brazzell,WR,240.0
2026-07-29,Will Howard,QB,240.9
2026-07-29,Chris Bell,WR,241.9
2026-07-29,Rashod Bateman,WR,242.8
2026-07-29,Keenan Allen,WR,243.3
2026-07-29,Keon Coleman,WR,244.0
2026-07-29,Cooper Kupp,WR,245.5
2026-07-29,Jaydon Blue,RB,246.4
2026-07-29,Audric Estime,RB,247.1
2026-07-29,Jack Bech,WR,248.9
2026-07-29,Devaughn Vele,WR,249.1
2026-07-31,Josh Allen,QB,1.2
2026-07-31,Bijan Robinson,RB,2.4
2026-07-31,Drake Maye,QB,3.5
2026-07-31,Jahmyr Gibbs,RB,4.5
2026-07-31,Ja'Marr Chase,WR,5.2
2026-07-31,Puka Nacua,WR,6.4
2026-07-31,Jaxon Smith-Njigba,WR,7.2
2026-07-31,Jayden Daniels,QB,8.0
2026-07-31,Christian McCaffrey,RB,9.7
2026-07-31,Joe Burrow,QB,10.4
2026-07-31,Lamar Jackson,QB,11.1
2026-07-31,Jonathan Taylor,RB,12.5
2026-07-31,James Cook,RB,13.8
2026-07-31,Caleb Williams,QB,14.2
2026-07-31,CeeDee Lamb,WR,15.6
2026-07-31,Amon-Ra St. Brown,WR,16.3
2026-07-31,Justin Jefferson,WR,17.6
2026-07-31,Drake London,WR,18.6
2026-07-31,Kenneth Walker,RB,19.4
2026-07-31,Ashton Jeanty,RB,20.5
2026-07-31,De'Von Achane,RB,21.2
2026-07-31,Trey McBride,TE,22.3
2026-07-31,Jaxson Dart,QB,23.2
2026-07-31,Justin Herbert,QB,24.9
2026-07-31,Jalen Hurts,QB,25.3
2026-07-31,Patrick Mahomes,QB,26.1
2026-07-31,Omarion Hampton,RB,27.9
2026-07-31,Malik Nabers,WR,28.4
2026-07-31,Saquon Barkley,RB,29.3
2026-07-31,Jeremiyah Love,RB,31.0
2026-07-31,Trevor Lawrence,QB,32.0
2026-07-31,Nico Collins,WR,32.7
2026-07-31,Bo Nix,QB,33.4
2026-07-31,Chase Brown,RB,34.5
2026-07-31,George Pickens,WR,35.9
2026-07-31,Brock Purdy,QB,36.2
2026-07-31,Brock Bowers,TE,37.4
2026-07-31,Chris Olave,WR,39.0
2026-07-31,Fernando Mendoza,QB,39.5
2026-07-31,Josh Jacobs,RB,40.1
2026-07-31,A.J. Brown,WR,41.4
2026-07-31,Bucky Irving,RB,42.1
2026-07-31,Rashee Rice,WR,44.0
2026-07-31,Dak Prescott,QB,44.1
2026-07-31,Derrick Henry,RB,45.7
2026-07-31,Tee Higgins,WR,46.5
2026-07-31,Tetairoa McMillan,WR,47.2
2026-07-31,Breece Hall,RB,48.4
2026-07-31,Jordan Love,QB,50.0
2026-07-31,Kyren Williams,RB,50.6
2026-07-31,Garrett Wilson,WR,51.4
2026-07-31,Luther Burden,WR,52.8
2026-07-31,Travis Etienne,RB,54.0
2026-07-31,Javonte Williams,RB,54.8
2026-07-31,Jaylen Waddle,WR,55.3
2026-07-31,Davante Adams,WR,56.5
2026-07-31,Ladd McConkey,WR,57.3
2026-07-31,Colston Loveland,TE,58.4
2026-07-31,Zay Flowers,WR,60.0
2026-07-31,Jameson Williams,WR,60.9
2026-07-31,TreVeyon Henderson,RB,61.5
2026-07-31,DeVonta Smith,WR,63.0
2026-07-31,Emeka Egbuka,WR,63.7
2026-07-31,Baker Mayfield,QB,64.0
2026-07-31,Jared Goff,QB,65.1
2026-07-31,Terry McLaurin,WR,67.0
2026-07-31,Tyler Warren,TE,67.4
2026-07-31,RJ Harvey,RB,68.3
2026-07-31,DJ Moore,WR,69.9
2026-07-31,Cam Skattebo,RB,70.8
2026-07-31,Bhayshul Tuten,RB,71.2
2026-07-31,Cam Ward,QB,72.0
2026-07-31,Mike Evans,WR,73.1
2026-07-31,Carnell Tate,WR,74.2
2026-07-31,D'Andre Swift,RB,75.3
2026-07-31,C.J. Stroud,QB,76.4
2026-07-31,Quinshon Judkins,RB,77.3
2026-07-31,Tyler Shough,QB,78.9
2026-07-31,Harold Fannin,TE,79.7
2026-07-31,Sam Darnold,QB,80.8
2026-07-31,Christian Watson,WR,81.2
2026-07-31,David Montgomery,RB,82.7
2026-07-31,Jaylen Warren,RB,83.7
2026-07-31,Kyler Murray,QB,84.7
2026-07-31,Rome Odunze,WR,85.8
2026-07-31,Jordyn Tyson,WR,86.9
2026-07-31,Bryce Young,QB,87.3
2026-07-31,Matthew Stafford,QB,88.4
2026-07-31,Tucker Kraft,TE,89.5
2026-07-31,Courtland Sutton,WR,90.9
2026-07-31,Kyle Pitts,TE,91.1
2026-07-31,Daniel Jones,QB,93.0
2026-07-31,Malik Willis,QB,94.0
2026-07-31,DK Metcalf,WR,94.0
2026-07-31,Rhamondre Stevenson,RB,95.9
2026-07-31,Michael Wilson,WR,96.5
2026-07-31,Makai Lemon,WR,97.6
2026-07-31,Jakobi Meyers,WR,98.2
2026-07-31,Brian Thomas,WR,100.0
2026-07-31,Kyle Monangai,RB,100.7
2026-07-31,Sam LaPorta,TE,101.0
2026-07-31,Dalton Kincaid,TE,102.8
2026-07-31,Marvin Harrison,WR,103.1
2026-07-31,Tony Pollard,RB,104.5
2026-07-31,Rico Dowdle,RB,105.9
2026-07-31,Oronde Gadsden,TE,106.3
2026-07-31,Chuba Hubbard,RB,107.9
2026-07-31,Blake Corum,RB,108.0
2026-07-31,Ricky Pearsall,WR,109.5
2026-07-31,Alec Pierce,WR,110.9
2026-07-31,Chris Godwin,WR,111.4
2026-07-31,Parker Washington,WR,112.0
2026-07-31,Hunter Henry,TE,113.6
2026-07-31,Dallas Goedert,TE,114.3
2026-07-31,J.K. Dobbins,RB,115.9
2026-07-31,Mark Andrews,TE,117.0
2026-07-31,Jake Ferguson,TE,117.1
2026-07-31,Dalton Schultz,TE,118.6
2026-07-31,Jordan Addison,WR,119.8
2026-07-31,Ty Simpson,QB,120.2
2026-07-31,George Kittle,TE,121.1
2026-07-31,Brian Robinson,RB,122.2
2026-07-31,Juwan Johnson,TE,123.6
2026-07-31,Wan'Dale Robinson,WR,125.0
2026-07-31,Brenton Strange,TE,125.0
2026-07-31,Travis Kelce,TE,126.1
2026-07-31,Michael Pittman,WR,127.0
2026-07-31,Kenyon Sadiq,TE,128.2
2026-07-31,Quentin Johnston,WR,129.2
2026-07-31,Aaron Jones,RB,130.8
2026-07-31,Kenneth Gainwell,RB,131.2
2026-07-31,Isaiah Likely,TE,132.9
2026-07-31,Stefon Diggs,WR,133.0
2026-07-31,Tyler Allgeier,RB,134.3
2026-07-31,Romeo Doubs,WR,135.8
2026-07-31,James Conner,RB,136.9
2026-07-31,Jayden Reed,WR,137.3
2026-07-31,Jacory Croskey-Merritt,RB,138.5
2026-07-31,Khalil Shakir,WR,140.0
2026-07-31,Xavier Worthy,WR,141.0
2026-07-31,Jauan Jennings,WR,141.0
2026-07-31,Jadarian Price,RB,143.0
2026-07-31,AJ Barner,TE,143.0
2026-07-31,Zach Charbonnet,RB,145.0
2026-07-31,Tua Tagovailoa,QB,146.0
2026-07-31,Jayden Higgins,WR,146.7
2026-07-31,T.J. Hockenson,TE,148.0
2026-07-31,Woody Marks,RB,148.8
2026-07-31,KC Concepcion,WR,149.9
2026-07-31,Michael Penix,QB,150.4
2026-07-31,J.J. McCarthy,QB,151.5
2026-07-31,David Njoku,TE,152.8
2026-07-31,Jalen Coker,WR,153.2
2026-07-31,Tyrone Tracy,RB,154.4
2026-07-31,Jordan Mason,RB,155.4
2026-07-31,Josh Downs,WR,156.2
2026-07-31,Emmett Johnson,RB,157.6
2026-07-31,Colby Parkinson,TE,158.1
2026-07-31,Jacoby Brissett,QB,159.6
2026-07-31,Chig Okonkwo,TE,161.0
2026-07-31,Trey Benson,RB,161.0
2026-07-31,Shedeur Sanders,QB,162.0
2026-07-31,Mason Taylor,TE,163.4
2026-07-31,Jonah Coleman,RB,164.1
2026-07-31,Eli Stowers,TE,165.2
2026-07-31,Alvin Kamara,RB,166.1
2026-07-31,Terrance Ferguson,TE,167.0
2026-07-31,Tyjae Spears,RB,168.0
2026-07-31,Rachaad White,RB,169.1
2026-07-31,Theo Johnson,TE,170.6
2026-07-31,Tyreek Hill,WR,171.0
2026-07-31,Cade Otton,TE,173.0
2026-07-31,Deebo Samuel,WR,173.4
2026-07-31,Omar Cooper,WR,174.5
2026-07-31,Dylan Sampson,RB,175.8
2026-07-31,Gunnar Helm,TE,176.4
2026-07-31,Denzel Boston,WR,177.9
2026-07-31,Antonio Williams,WR,179.8
2026-07-31,Travis Hunter,WR,180.4
2026-07-31,Mac Jones,QB,181.0
2026-07-31,Anthony Richardson,QB,182.2
2026-07-31,Matthew Golden,WR,184.0
2026-07-31,Jerry Jeudy,WR,185.0
2026-07-31,Braelon Allen,RB,185.4
2026-07-31,Geno Smith,QB,186.5
2026-07-31,Rashid Shaheed,WR,187.2
2026-07-31,Adonai Mitchell,WR,188.2
2026-07-31,Kayshon Boutte,WR,189.7
2026-07-31,Mike Washington,RB,190.6
2026-07-31,Jalen McMillan,WR,192.0
2026-07-31,Kimani Vidal,RB,193.0
2026-07-31,Chris Rodriguez,RB,193.8
2026-07-31,Jonathon Brooks,RB,194.1
2026-07-31,Troy Franklin,WR,195.2
2026-07-31,Pat Bryant,WR,196.1
2026-07-31,Tank Bigsby,RB,197.7
2026-07-31,Chimere Dike,WR,199.0
2026-07-31,Keaton Mitchell,RB,199.2
2026-07-31,Brandon Aiyuk,WR,200.0
2026-07-31,Isiah Pacheco,RB,201.4
2026-07-31,Jake Tonges,TE,202.4
2026-07-31,Sean Tucker,RB,204.0
2026-07-31,Tre' Harris,WR,204.8
2026-07-31,Calvin Ridley,WR,205.3
2026-07-31,Kaytron Allen,RB,206.7
2026-07-31,Ja'Kobi Lane,WR,207.3
2026-07-31,Isaac TeSlaa,WR,209.0
2026-07-31,Elic Ayomanor,WR,210.0
2026-07-31,Emanuel Wilson,RB,210.4
2026-07-31,Joe Mixon,RB,211.2
2026-07-31,Zachariah Branch,WR,212.8
2026-07-31,Tank Dell,WR,213.9
2026-07-31,Tre Tucker,WR,214.2
2026-07-31,Justin Fields,QB,216.0
2026-07-31,Garrett Nussmeier,QB,216.2
2026-07-31,Ray Davis,RB,217.1
2026-07-31,Nicholas Singleton,RB,218.9
2026-07-31,Aaron Rodgers,QB,219.9
2026-07-31,Devin Neal,RB,220.1
2026-07-31,Najee Harris,RB,221.2
2026-07-31,Jaylin Noel,WR,222.4
2026-07-31,Jaylen Wright,RB,223.3
2026-07-31,Kaleb Johnson,RB,224.7
2026-07-31,Demond Claiborne,RB,225.8
2026-07-31,Marvin Mims,WR,226.8
2026-07-31,Jalen Milroe,QB,227.2
2026-07-31,Germie Bernard,WR,228.4
2026-07-31,Darnell Mooney,WR,229.7
2026-07-31,Kyle Williams,WR,230.1
2026-07-31,Ted Hurst,WR,231.3
2026-07-31,Kendre Miller,RB,233.0
2026-07-31,Jalen Nailor,WR,233.1
2026-07-31,Brashard Smith,RB,234.7
2026-07-31,Ryan Flournoy,WR,235.5
2026-07-31,Tory Horton,WR,236.8
2026-07-31,Kirk Cousins,QB,237.7
2026-07-31,Elijah Sarratt,WR,238.5
2026-07-31,Chris Brazzell,WR,240.0
2026-07-31,Will Howard,QB,240.9
2026-07-31,Chris Bell,WR,241.9
2026-07-31,Rashod Bateman,WR,242.8
2026-07-31,Keenan Allen,WR,243.3
2026-07-31,Keon Coleman,WR,244.0
2026-07-31,Cooper Kupp,WR,245.5
2026-07-31,Jaydon Blue,RB,246.4
2026-07-31,Audric Estime,RB,247.1
2026-07-31,Jack Bech,WR,248.9
2026-07-31,Devaughn Vele,WR,249.1
2026-08-04,Josh Allen,QB,1.2
2026-08-04,Bijan Robinson,RB,2.4
2026-08-04,Drake Maye,QB,3.5
2026-08-04,Jahmyr Gibbs,RB,4.5
2026-08-04,Ja'Marr Chase,WR,5.2
2026-08-04,Puka Nacua,WR,6.4
2026-08-04,Jaxon Smith-Njigba,WR,7.2
2026-08-04,Jayden Daniels,QB,8.0
2026-08-04,Christian McCaffrey,RB,9.7
2026-08-04,Joe Burrow,QB,10.4
2026-08-04,Lamar Jackson,QB,11.1
2026-08-04,Jonathan Taylor,RB,12.5
2026-08-04,James Cook,RB,13.8
2026-08-04,Caleb Williams,QB,14.2
2026-08-04,CeeDee Lamb,WR,15.6
2026-08-04,Amon-Ra St. Brown,WR,16.3
2026-08-04,Justin Jefferson,WR,17.6
2026-08-04,Drake London,WR,18.6
2026-08-04,Kenneth Walker,RB,19.4
2026-08-04,Ashton Jeanty,RB,20.5
2026-08-04,De'Von Achane,RB,21.2
2026-08-04,Trey McBride,TE,22.3
2026-08-04,Jaxson Dart,QB,23.2
2026-08-04,Justin Herbert,QB,24.9
2026-08-04,Jalen Hurts,QB,25.3
2026-08-04,Patrick Mahomes,QB,26.1
2026-08-04,Omarion Hampton,RB,27.9
2026-08-04,Malik Nabers,WR,28.4
2026-08-04,Saquon Barkley,RB,29.3
2026-08-04,Jeremiyah Love,RB,31.0
2026-08-04,Trevor Lawrence,QB,32.0
2026-08-04,Nico Collins,WR,32.7
2026-08-04,Bo Nix,QB,33.4
2026-08-04,Chase Brown,RB,34.5
2026-08-04,George Pickens,WR,35.9
2026-08-04,Brock Purdy,QB,36.2
2026-08-04,Brock Bowers,TE,37.4
2026-08-04,Chris Olave,WR,39.0
2026-08-04,Fernando Mendoza,QB,39.5
2026-08-04,Josh Jacobs,RB,40.1
2026-08-04,A.J. Brown,WR,41.4
2026-08-04,Bucky Irving,RB,42.1
2026-08-04,Rashee Rice,WR,44.0
2026-08-04,Dak Prescott,QB,44.1
2026-08-04,Derrick Henry,RB,45.7
2026-08-04,Tee Higgins,WR,46.5
2026-08-04,Tetairoa McMillan,WR,47.2
2026-08-04,Breece Hall,RB,48.4
2026-08-04,Jordan Love,QB,50.0
2026-08-04,Kyren Williams,RB,50.6
2026-08-04,Garrett Wilson,WR,51.4
2026-08-04,Luther Burden,WR,52.8
2026-08-04,Travis Etienne,RB,54.0
2026-08-04,Javonte Williams,RB,54.8
2026-08-04,Jaylen Waddle,WR,55.3
2026-08-04,Davante Adams,WR,56.5
2026-08-04,Ladd McConkey,WR,57.3
2026-08-04,Colston Loveland,TE,58.4
2026-08-04,Zay Flowers,WR,60.0
2026-08-04,Jameson Williams,WR,60.9
2026-08-04,TreVeyon Henderson,RB,61.5
2026-08-04,DeVonta Smith,WR,63.0
2026-08-04,Emeka Egbuka,WR,63.7
2026-08-04,Baker Mayfield,QB,64.0
2026-08-04,Jared Goff,QB,65.1
2026-08-04,Terry McLaurin,WR,67.0
2026-08-04,Tyler Warren,TE,67.4
2026-08-04,RJ Harvey,RB,68.3
2026-08-04,DJ Moore,WR,69.9
2026-08-04,Cam Skattebo,RB,70.8
2026-08-04,Bhayshul Tuten,RB,71.2
2026-08-04,Cam Ward,QB,72.0
2026-08-04,Mike Evans,WR,73.1
2026-08-04,Carnell Tate,WR,74.2
2026-08-04,D'Andre Swift,RB,75.3
2026-08-04,C.J. Stroud,QB,76.4
2026-08-04,Quinshon Judkins,RB,77.3
2026-08-04,Tyler Shough,QB,78.9
2026-08-04,Harold Fannin,TE,79.7
2026-08-04,Sam Darnold,QB,80.8
2026-08-04,Christian Watson,WR,81.2
2026-08-04,David Montgomery,RB,82.7
2026-08-04,Jaylen Warren,RB,83.7
2026-08-04,Kyler Murray,QB,84.7
2026-08-04,Rome Odunze,WR,85.8
2026-08-04,Jordyn Tyson,WR,86.9
2026-08-04,Bryce Young,QB,87.3
2026-08-04,Matthew Stafford,QB,88.4
2026-08-04,Tucker Kraft,TE,89.5
2026-08-04,Courtland Sutton,WR,90.9
2026-08-04,Kyle Pitts,TE,91.1
2026-08-04,Daniel Jones,QB,93.0
2026-08-04,Malik Willis,QB,94.0
2026-08-04,DK Metcalf,WR,94.0
2026-08-04,Rhamondre Stevenson,RB,95.9
2026-08-04,Michael Wilson,WR,96.5
2026-08-04,Makai Lemon,WR,97.6
2026-08-04,Jakobi Meyers,WR,98.2
2026-08-04,Brian Thomas,WR,100.0
2026-08-04,Kyle Monangai,RB,100.7
2026-08-04,Sam LaPorta,TE,101.0
2026-08-04,Dalton Kincaid,TE,102.8
2026-08-04,Marvin Harrison,WR,103.1
2026-08-04,Tony Pollard,RB,104.5
2026-08-04,Rico Dowdle,RB,105.9
2026-08-04,Oronde Gadsden,TE,106.3
2026-08-04,Chuba Hubbard,RB,107.9
2026-08-04,Blake Corum,RB,108.0
2026-08-04,Ricky Pearsall,WR,109.5
2026-08-04,Alec Pierce,WR,110.9
2026-08-04,Chris Godwin,WR,111.4
2026-08-04,Parker Washington,WR,112.0
2026-08-04,Hunter Henry,TE,113.6
2026-08-04,Dallas Goedert,TE,114.3
2026-08-04,J.K. Dobbins,RB,115.9
2026-08-04,Mark Andrews,TE,117.0
2026-08-04,Jake Ferguson,TE,117.1
2026-08-04,Dalton Schultz,TE,118.6
2026-08-04,Jordan Addison,WR,119.8
2026-08-04,Ty Simpson,QB,120.2
2026-08-04,George Kittle,TE,121.1
2026-08-04,Brian Robinson,RB,122.2
2026-08-04,Juwan Johnson,TE,123.6
2026-08-04,Wan'Dale Robinson,WR,125.0
2026-08-04,Brenton Strange,TE,125.0
2026-08-04,Travis Kelce,TE,126.1
2026-08-04,Michael Pittman,WR,127.0
2026-08-04,Kenyon Sadiq,TE,128.2
2026-08-04,Quentin Johnston,WR,129.2
2026-08-04,Aaron Jones,RB,130.8
2026-08-04,Kenneth Gainwell,RB,131.2
2026-08-04,Isaiah Likely,TE,132.9
2026-08-04,Stefon Diggs,WR,133.0
2026-08-04,Tyler Allgeier,RB,134.3
2026-08-04,Romeo Doubs,WR,135.8
2026-08-04,James Conner,RB,136.9
2026-08-04,Jayden Reed,WR,137.3
2026-08-04,Jacory Croskey-Merritt,RB,138.5
2026-08-04,Khalil Shakir,WR,140.0
2026-08-04,Xavier Worthy,WR,141.0
2026-08-04,Jauan Jennings,WR,141.0
2026-08-04,Jadarian Price,RB,143.0
2026-08-04,AJ Barner,TE,143.0
2026-08-04,Zach Charbonnet,RB,145.0
2026-08-04,Tua Tagovailoa,QB,146.0
2026-08-04,Jayden Higgins,WR,146.7
2026-08-04,T.J. Hockenson,TE,148.0
2026-08-04,Woody Marks,RB,148.8
2026-08-04,KC Concepcion,WR,149.9
2026-08-04,Michael Penix,QB,150.4
2026-08-04,J.J. McCarthy,QB,151.5
2026-08-04,David Njoku,TE,152.8
2026-08-04,Jalen Coker,WR,153.2
2026-08-04,Tyrone Tracy,RB,154.4
2026-08-04,Jordan Mason,RB,155.4
2026-08-04,Josh Downs,WR,156.2
2026-08-04,Emmett Johnson,RB,157.6
2026-08-04,Colby Parkinson,TE,158.1
2026-08-04,Jacoby Brissett,QB,159.6
2026-08-04,Chig Okonkwo,TE,161.0
2026-08-04,Trey Benson,RB,161.0
2026-08-04,Shedeur Sanders,QB,162.0
2026-08-04,Mason Taylor,TE,163.4
2026-08-04,Jonah Coleman,RB,164.1
2026-08-04,Eli Stowers,TE,165.2
2026-08-04,Alvin Kamara,RB,166.1
2026-08-04,Terrance Ferguson,TE,167.0
2026-08-04,Tyjae Spears,RB,168.0
2026-08-04,Rachaad White,RB,169.1
2026-08-04,Theo Johnson,TE,170.6
2026-08-04,Tyreek Hill,WR,171.0
2026-08-04,Cade Otton,TE,173.0
2026-08-04,Deebo Samuel,WR,173.4
2026-08-04,Omar Cooper,WR,174.5
2026-08-04,Dylan Sampson,RB,175.8
2026-08-04,Gunnar Helm,TE,176.4
2026-08-04,Denzel Boston,WR,177.9
2026-08-04,Antonio Williams,WR,179.8
2026-08-04,Travis Hunter,WR,180.4
2026-08-04,Mac Jones,QB,181.0
2026-08-04,Anthony Richardson,QB,182.2
2026-08-04,Matthew Golden,WR,184.0
2026-08-04,Jerry Jeudy,WR,185.0
2026-08-04,Braelon Allen,RB,185.4
2026-08-04,Geno Smith,QB,186.5
2026-08-04,Rashid Shaheed,WR,187.2
2026-08-04,Adonai Mitchell,WR,188.2
2026-08-04,Kayshon Boutte,WR,189.7
2026-08-04,Mike Washington,RB,190.6
2026-08-04,Jalen McMillan,WR,192.0
2026-08-04,Kimani Vidal,RB,193.0
2026-08-04,Chris Rodriguez,RB,193.8
2026-08-04,Jonathon Brooks,RB,194.1
2026-08-04,Troy Franklin,WR,195.2
2026-08-04,Pat Bryant,WR,196.1
2026-08-04,Tank Bigsby,RB,197.7
2026-08-04,Chimere Dike,WR,199.0
2026-08-04,Keaton Mitchell,RB,199.2
2026-08-04,Brandon Aiyuk,WR,200.0
2026-08-04,Isiah Pacheco,RB,201.4
2026-08-04,Jake Tonges,TE,202.4
2026-08-04,Sean Tucker,RB,204.0
2026-08-04,Tre' Harris,WR,204.8
2026-08-04,Calvin Ridley,WR,205.3
2026-08-04,Kaytron Allen,RB,206.7
2026-08-04,Ja'Kobi Lane,WR,207.3
2026-08-04,Isaac TeSlaa,WR,209.0
2026-08-04,Elic Ayomanor,WR,210.0
2026-08-04,Emanuel Wilson,RB,210.4
2026-08-04,Joe Mixon,RB,211.2
2026-08-04,Zachariah Branch,WR,212.8
2026-08-04,Tank Dell,WR,213.9
2026-08-04,Tre Tucker,WR,214.2
2026-08-04,Justin Fields,QB,216.0
2026-08-04,Garrett Nussmeier,QB,216.2
2026-08-04,Ray Davis,RB,217.1
2026-08-04,Nicholas Singleton,RB,218.9
2026-08-04,Aaron Rodgers,QB,219.9
2026-08-04,Devin Neal,RB,220.1
2026-08-04,Najee Harris,RB,221.2
2026-08-04,Jaylin Noel,WR,222.4
2026-08-04,Jaylen Wright,RB,223.3
2026-08-04,Kaleb Johnson,RB,224.7
2026-08-04,Demond Claiborne,RB,225.8
2026-08-04,Marvin Mims,WR,226.8
2026-08-04,Jalen Milroe,QB,227.2
2026-08-04,Germie Bernard,WR,228.4
2026-08-04,Darnell Mooney,WR,229.7
2026-08-04,Kyle Williams,WR,230.1
2026-08-04,Ted Hurst,WR,231.3
2026-08-04,Kendre Miller,RB,233.0
2026-08-04,Jalen Nailor,WR,233.1
2026-08-04,Brashard Smith,RB,234.7
2026-08-04,Ryan Flournoy,WR,235.5
2026-08-04,Tory Horton,WR,236.8
2026-08-04,Kirk Cousins,QB,237.7
2026-08-04,Elijah Sarratt,WR,238.5
2026-08-04,Chris Brazzell,WR,240.0
2026-08-04,Will Howard,QB,240.9
2026-08-04,Chris Bell,WR,241.9
2026-08-04,Rashod Bateman,WR,242.8
2026-08-04,Keenan Allen,WR,243.3
2026-08-04,Keon Coleman,WR,244.0
2026-08-04,Cooper Kupp,WR,245.5
2026-08-04,Jaydon Blue,RB,246.4
2026-08-04,Audric Estime,RB,247.1
2026-08-04,Jack Bech,WR,248.9
2026-08-04,Devaughn Vele,WR,249.1
2026-08-07,Josh Allen,QB,1.2
2026-08-07,Bijan Robinson,RB,2.4
2026-08-07,Drake Maye,QB,3.5
2026-08-07,Jahmyr Gibbs,RB,4.5
2026-08-07,Ja'Marr Chase,WR,5.2
2026-08-07,Puka Nacua,WR,6.4
2026-08-07,Jaxon Smith-Njigba,WR,7.2
2026-08-07,Jayden Daniels,QB,8.0
2026-08-07,Christian McCaffrey,RB,9.7
2026-08-07,Joe Burrow,QB,10.4
2026-08-07,Lamar Jackson,QB,11.1
2026-08-07,Jonathan Taylor,RB,12.5
2026-08-07,James Cook,RB,13.8
2026-08-07,Caleb Williams,QB,14.2
2026-08-07,CeeDee Lamb,WR,15.6
2026-08-07,Amon-Ra St. Brown,WR,16.3
2026-08-07,Justin Jefferson,WR,17.6
2026-08-07,Drake London,WR,18.6
2026-08-07,Kenneth Walker,RB,19.4
2026-08-07,Ashton Jeanty,RB,20.5
2026-08-07,De'Von Achane,RB,21.2
2026-08-07,Trey McBride,TE,22.3
2026-08-07,Jaxson Dart,QB,23.2
2026-08-07,Justin Herbert,QB,24.9
2026-08-07,Jalen Hurts,QB,25.3
2026-08-07,Patrick Mahomes,QB,26.1
2026-08-07,Omarion Hampton,RB,27.9
2026-08-07,Malik Nabers,WR,28.4
2026-08-07,Saquon Barkley,RB,29.3
2026-08-07,Jeremiyah Love,RB,31.0
2026-08-07,Trevor Lawrence,QB,32.0
2026-08-07,Nico Collins,WR,32.7
2026-08-07,Bo Nix,QB,33.4
2026-08-07,Chase Brown,RB,34.5
2026-08-07,George Pickens,WR,35.9
2026-08-07,Brock Purdy,QB,36.2
2026-08-07,Brock Bowers,TE,37.4
2026-08-07,Chris Olave,WR,39.0
2026-08-07,Fernando Mendoza,QB,39.5
2026-08-07,Josh Jacobs,RB,40.1
2026-08-07,A.J. Brown,WR,41.4
2026-08-07,Bucky Irving,RB,42.1
2026-08-07,Rashee Rice,WR,44.0
2026-08-07,Dak Prescott,QB,44.1
2026-08-07,Derrick Henry,RB,45.7
2026-08-07,Tee Higgins,WR,46.5
2026-08-07,Tetairoa McMillan,WR,47.2
2026-08-07,Breece Hall,RB,48.4
2026-08-07,Jordan Love,QB,50.0
2026-08-07,Kyren Williams,RB,50.6
2026-08-07,Garrett Wilson,WR,51.4
2026-08-07,Luther Burden,WR,52.8
2026-08-07,Travis Etienne,RB,54.0
2026-08-07,Javonte Williams,RB,54.8
2026-08-07,Jaylen Waddle,WR,55.3
2026-08-07,Davante Adams,WR,56.5
2026-08-07,Ladd McConkey,WR,57.3
2026-08-07,Colston Loveland,TE,58.4
2026-08-07,Zay Flowers,WR,60.0
2026-08-07,Jameson Williams,WR,60.9
2026-08-07,TreVeyon Henderson,RB,61.5
2026-08-07,DeVonta Smith,WR,63.0
2026-08-07,Emeka Egbuka,WR,63.7
2026-08-07,Baker Mayfield,QB,64.0
2026-08-07,Jared Goff,QB,65.1
2026-08-07,Terry McLaurin,WR,67.0
2026-08-07,Tyler Warren,TE,67.4
2026-08-07,RJ Harvey,RB,68.3
2026-08-07,DJ Moore,WR,69.9
2026-08-07,Cam Skattebo,RB,70.8
2026-08-07,Bhayshul Tuten,RB,71.2
2026-08-07,Cam Ward,QB,72.0
2026-08-07,Mike Evans,WR,73.1
2026-08-07,Carnell Tate,WR,74.2
2026-08-07,D'Andre Swift,RB,75.3
2026-08-07,C.J. Stroud,QB,76.4
2026-08-07,Quinshon Judkins,RB,77.3
2026-08-07,Tyler Shough,QB,78.9
2026-08-07,Harold Fannin,TE,79.7
2026-08-07,Sam Darnold,QB,80.8
2026-08-07,Christian Watson,WR,81.2
2026-08-07,David Montgomery,RB,82.7
2026-08-07,Jaylen Warren,RB,83.7
2026-08-07,Kyler Murray,QB,84.7
2026-08-07,Rome Odunze,WR,85.8
2026-08-07,Jordyn Tyson,WR,86.9
2026-08-07,Bryce Young,QB,87.3
2026-08-07,Matthew Stafford,QB,88.4
2026-08-07,Tucker Kraft,TE,89.5
2026-08-07,Courtland Sutton,WR,90.9
2026-08-07,Kyle Pitts,TE,91.1
2026-08-07,Daniel Jones,QB,93.0
2026-08-07,Malik Willis,QB,94.0
2026-08-07,DK Metcalf,WR,94.0
2026-08-07,Rhamondre Stevenson,RB,95.9
2026-08-07,Michael Wilson,WR,96.5
2026-08-07,Makai Lemon,WR,97.6
2026-08-07,Jakobi Meyers,WR,98.2
2026-08-07,Brian Thomas,WR,100.0
2026-08-07,Kyle Monangai,RB,100.7
2026-08-07,Sam LaPorta,TE,101.0
2026-08-07,Dalton Kincaid,TE,102.8
2026-08-07,Marvin Harrison,WR,103.1
2026-08-07,Tony Pollard,RB,104.5
2026-08-07,Rico Dowdle,RB,105.9
2026-08-07,Oronde Gadsden,TE,106.3
2026-08-07,Chuba Hubbard,RB,107.9
2026-08-07,Blake Corum,RB,108.0
2026-08-07,Ricky Pearsall,WR,109.5
2026-08-07,Alec Pierce,WR,110.9
2026-08-07,Chris Godwin,WR,111.4
2026-08-07,Parker Washington,WR,112.0
2026-08-07,Hunter Henry,TE,113.6
2026-08-07,Dallas Goedert,TE,114.3
2026-08-07,J.K. Dobbins,RB,115.9
2026-08-07,Mark Andrews,TE,117.0
2026-08-07,Jake Ferguson,TE,117.1
2026-08-07,Dalton Schultz,TE,118.6
2026-08-07,Jordan Addison,WR,119.8
2026-08-07,Ty Simpson,QB,120.2
2026-08-07,George Kittle,TE,121.1
2026-08-07,Brian Robinson,RB,122.2
2026-08-07,Juwan Johnson,TE,123.6
2026-08-07,Wan'Dale Robinson,WR,125.0
2026-08-07,Brenton Strange,TE,125.0
2026-08-07,Travis Kelce,TE,126.1
2026-08-07,Michael Pittman,WR,127.0
2026-08-07,Kenyon Sadiq,TE,128.2
2026-08-07,Quentin Johnston,WR,129.2
2026-08-07,Aaron Jones,RB,130.8
2026-08-07,Kenneth Gainwell,RB,131.2
2026-08-07,Isaiah Likely,TE,132.9
2026-08-07,Stefon Diggs,WR,133.0
2026-08-07,Tyler Allgeier,RB,134.3
2026-08-07,Romeo Doubs,WR,135.8
2026-08-07,James Conner,RB,136.9
2026-08-07,Jayden Reed,WR,137.3
2026-08-07,Jacory Croskey-Merritt,RB,138.5
2026-08-07,Khalil Shakir,WR,140.0
2026-08-07,Xavier Worthy,WR,141.0
2026-08-07,Jauan Jennings,WR,141.0
2026-08-07,Jadarian Price,RB,143.0
2026-08-07,AJ Barner,TE,143.0
2026-08-07,Zach Charbonnet,RB,145.0
2026-08-07,Tua Tagovailoa,QB,146.0
2026-08-07,Jayden Higgins,WR,146.7
2026-08-07,T.J. Hockenson,TE,148.0
2026-08-07,Woody Marks,RB,148.8
2026-08-07,KC Concepcion,WR,149.9
2026-08-07,Michael Penix,QB,150.4
2026-08-07,J.J. McCarthy,QB,151.5
2026-08-07,David Njoku,TE,152.8
2026-08-07,Jalen Coker,WR,153.2
2026-08-07,Tyrone Tracy,RB,154.4
2026-08-07,Jordan Mason,RB,155.4
2026-08-07,Josh Downs,WR,156.2
2026-08-07,Emmett Johnson,RB,157.6
2026-08-07,Colby Parkinson,TE,158.1
2026-08-07,Jacoby Brissett,QB,159.6
2026-08-07,Chig Okonkwo,TE,161.0
2026-08-07,Trey Benson,RB,161.0
2026-08-07,Shedeur Sanders,QB,162.0
2026-08-07,Mason Taylor,TE,163.4
2026-08-07,Jonah Coleman,RB,164.1
2026-08-07,Eli Stowers,TE,165.2
2026-08-07,Alvin Kamara,RB,166.1
2026-08-07,Terrance Ferguson,TE,167.0
2026-08-07,Tyjae Spears,RB,168.0
2026-08-07,Rachaad White,RB,169.1
2026-08-07,Theo Johnson,TE,170.6
2026-08-07,Tyreek Hill,WR,171.0
2026-08-07,Cade Otton,TE,173.0
2026-08-07,Deebo Samuel,WR,173.4
2026-08-07,Omar Cooper,WR,174.5
2026-08-07,Dylan Sampson,RB,175.8
2026-08-07,Gunnar Helm,TE,176.4
2026-08-07,Denzel Boston,WR,177.9
2026-08-07,Antonio Williams,WR,179.8
2026-08-07,Travis Hunter,WR,180.4
2026-08-07,Mac Jones,QB,181.0
2026-08-07,Anthony Richardson,QB,182.2
2026-08-07,Matthew Golden,WR,184.0
2026-08-07,Jerry Jeudy,WR,185.0
2026-08-07,Braelon Allen,RB,185.4
2026-08-07,Geno Smith,QB,186.5
2026-08-07,Rashid Shaheed,WR,187.2
2026-08-07,Adonai Mitchell,WR,188.2
2026-08-07,Kayshon Boutte,WR,189.7
2026-08-07,Mike Washington,RB,190.6
2026-08-07,Jalen McMillan,WR,192.0
2026-08-07,Kimani Vidal,RB,193.0
2026-08-07,Chris Rodriguez,RB,193.8
2026-08-07,Jonathon Brooks,RB,194.1
2026-08-07,Troy Franklin,WR,195.2
2026-08-07,Pat Bryant,WR,196.1
2026-08-07,Tank Bigsby,RB,197.7
2026-08-07,Chimere Dike,WR,199.0
2026-08-07,Keaton Mitchell,RB,199.2
2026-08-07,Brandon Aiyuk,WR,200.0
2026-08-07,Isiah Pacheco,RB,201.4
2026-08-07,Jake Tonges,TE,202.4
2026-08-07,Sean Tucker,RB,204.0
2026-08-07,Tre' Harris,WR,204.8
2026-08-07,Calvin Ridley,WR,205.3
2026-08-07,Kaytron Allen,RB,206.7
2026-08-07,Ja'Kobi Lane,WR,207.3
2026-08-07,Isaac TeSlaa,WR,209.0
2026-08-07,Elic Ayomanor,WR,210.0
2026-08-07,Emanuel Wilson,RB,210.4
2026-08-07,Joe Mixon,RB,211.2
2026-08-07,Zachariah Branch,WR,212.8
2026-08-07,Tank Dell,WR,213.9
2026-08-07,Tre Tucker,WR,214.2
2026-08-07,Justin Fields,QB,216.0
2026-08-07,Garrett Nussmeier,QB,216.2
2026-08-07,Ray Davis,RB,217.1
2026-08-07,Nicholas Singleton,RB,218.9
2026-08-07,Aaron Rodgers,QB,219.9
2026-08-07,Devin Neal,RB,220.1
2026-08-07,Najee Harris,RB,221.2
2026-08-07,Jaylin Noel,WR,222.4
2026-08-07,Jaylen Wright,RB,223.3
2026-08-07,Kaleb Johnson,RB,224.7
2026-08-07,Demond Claiborne,RB,225.8
2026-08-07,Marvin Mims,WR,226.8
2026-08-07,Jalen Milroe,QB,227.2
2026-08-07,Germie Bernard,WR,228.4
2026-08-07,Darnell Mooney,WR,229.7
2026-08-07,Kyle Williams,WR,230.1
2026-08-07,Ted Hurst,WR,231.3
2026-08-07,Kendre Miller,RB,233.0
2026-08-07,Jalen Nailor,WR,233.1
2026-08-07,Brashard Smith,RB,234.7
2026-08-07,Ryan Flournoy,WR,235.5
2026-08-07,Tory Horton,WR,236.8
2026-08-07,Kirk Cousins,QB,237.7
2026-08-07,Elijah Sarratt,WR,238.5
2026-08-07,Chris Brazzell,WR,240.0
2026-08-07,Will Howard,QB,240.9
2026-08-07,Chris Bell,WR,241.9
2026-08-07,Rashod Bateman,WR,242.8
2026-08-07,Keenan Allen,WR,243.3
2026-08-07,Keon Coleman,WR,244.0
2026-08-07,Cooper Kupp,WR,245.5
2026-08-07,Jaydon Blue,RB,246.4
2026-08-07,Audric Estime,RB,247.1
2026-08-07,Jack Bech,WR,248.9
2026-08-07,Devaughn Vele,WR,249.1
2026-08-11,Josh Allen,QB,1.2
2026-08-11,Bijan Robinson,RB,2.4
2026-08-11,Drake Maye,QB,3.5
2026-08-11,Jahmyr Gibbs,RB,4.5
2026-08-11,Ja'Marr Chase,WR,5.2
2026-08-11,Puka Nacua,WR,6.4
2026-08-11,Jaxon Smith-Njigba,WR,7.2
2026-08-11,Jayden Daniels,QB,8.0
2026-08-11,Christian McCaffrey,RB,9.7
2026-08-11,Joe Burrow,QB,10.4
2026-08-11,Lamar Jackson,QB,11.1
2026-08-11,Jonathan Taylor,RB,12.5
2026-08-11,James Cook,RB,13.8
2026-08-11,Caleb Williams,QB,14.2
2026-08-11,CeeDee Lamb,WR,15.6
2026-08-11,Amon-Ra St. Brown,WR,16.3
2026-08-11,Justin Jefferson,WR,17.6
2026-08-11,Drake London,WR,18.6
2026-08-11,Kenneth Walker,RB,19.4
2026-08-11,Ashton Jeanty,RB,20.5
2026-08-11,De'Von Achane,RB,21.2
2026-08-11,Trey McBride,TE,22.3
2026-08-11,Jaxson Dart,QB,23.2
2026-08-11,Justin Herbert,QB,24.9
2026-08-11,Jalen Hurts,QB,25.3
2026-08-11,Patrick Mahomes,QB,26.1
2026-08-11,Omarion Hampton,RB,27.9
2026-08-11,Malik Nabers,WR,28.4
2026-08-11,Saquon Barkley,RB,29.3
2026-08-11,Jeremiyah Love,RB,31.0
2026-08-11,Trevor Lawrence,QB,32.0
2026-08-11,Nico Collins,WR,32.7
2026-08-11,Bo Nix,QB,33.4
2026-08-11,Chase Brown,RB,34.5
2026-08-11,George Pickens,WR,35.9
2026-08-11,Brock Purdy,QB,36.2
2026-08-11,Brock Bowers,TE,37.4
2026-08-11,Chris Olave,WR,39.0
2026-08-11,Fernando Mendoza,QB,39.5
2026-08-11,Josh Jacobs,RB,40.1
2026-08-11,A.J. Brown,WR,41.4
2026-08-11,Bucky Irving,RB,42.1
2026-08-11,Rashee Rice,WR,44.0
2026-08-11,Dak Prescott,QB,44.1
2026-08-11,Derrick Henry,RB,45.7
2026-08-11,Tee Higgins,WR,46.5
2026-08-11,Tetairoa McMillan,WR,47.2
2026-08-11,Breece Hall,RB,48.4
2026-08-11,Jordan Love,QB,50.0
2026-08-11,Kyren Williams,RB,50.6
2026-08-11,Garrett Wilson,WR,51.4
2026-08-11,Luther Burden,WR,52.8
2026-08-11,Travis Etienne,RB,54.0
2026-08-11,Javonte Williams,RB,54.8
2026-08-11,Jaylen Waddle,WR,55.3
2026-08-11,Davante Adams,WR,56.5
2026-08-11,Ladd McConkey,WR,57.3
2026-08-11,Colston Loveland,TE,58.4
2026-08-11,Zay Flowers,WR,60.0
2026-08-11,Jameson Williams,WR,60.9
2026-08-11,TreVeyon Henderson,RB,61.5
2026-08-11,DeVonta Smith,WR,63.0
2026-08-11,Emeka Egbuka,WR,63.7
2026-08-11,Baker Mayfield,QB,64.0
2026-08-11,Jared Goff,QB,65.1
2026-08-11,Terry McLaurin,WR,67.0
2026-08-11,Tyler Warren,TE,67.4
2026-08-11,RJ Harvey,RB,68.3
2026-08-11,DJ Moore,WR,69.9
2026-08-11,Cam Skattebo,RB,70.8
2026-08-11,Bhayshul Tuten,RB,71.2
2026-08-11,Cam Ward,QB,72.0
2026-08-11,Mike Evans,WR,73.1
2026-08-11,Carnell Tate,WR,74.2
2026-08-11,D'Andre Swift,RB,75.3
2026-08-11,C.J. Stroud,QB,76.4
2026-08-11,Quinshon Judkins,RB,77.3
2026-08-11,Tyler Shough,QB,78.9
2026-08-11,Harold Fannin,TE,79.7
2026-08-11,Sam Darnold,QB,80.8
2026-08-11,Christian Watson,WR,81.2
2026-08-11,David Montgomery,RB,82.7
2026-08-11,Jaylen Warren,RB,83.7
2026-08-11,Kyler Murray,QB,84.7
2026-08-11,Rome Odunze,WR,85.8
2026-08-11,Jordyn Tyson,WR,86.9
2026-08-11,Bryce Young,QB,87.3
2026-08-11,Matthew Stafford,QB,88.4
2026-08-11,Tucker Kraft,TE,89.5
2026-08-11,Courtland Sutton,WR,90.9
2026-08-11,Kyle Pitts,TE,91.1
2026-08-11,Daniel Jones,QB,93.0
2026-08-11,Malik Willis,QB,94.0
2026-08-11,DK Metcalf,WR,94.0
2026-08-11,Rhamondre Stevenson,RB,95.9
2026-08-11,Michael Wilson,WR,96.5
2026-08-11,Makai Lemon,WR,97.6
2026-08-11,Jakobi Meyers,WR,98.2
2026-08-11,Brian Thomas,WR,100.0
2026-08-11,Kyle Monangai,RB,100.7
2026-08-11,Sam LaPorta,TE,101.0
2026-08-11,Dalton Kincaid,TE,102.8
2026-08-11,Marvin Harrison,WR,103.1
2026-08-11,Tony Pollard,RB,104.5
2026-08-11,Rico Dowdle,RB,105.9
2026-08-11,Oronde Gadsden,TE,106.3
2026-08-11,Chuba Hubbard,RB,107.9
2026-08-11,Blake Corum,RB,108.0
2026-08-11,Ricky Pearsall,WR,109.5
2026-08-11,Alec Pierce,WR,110.9
2026-08-11,Chris Godwin,WR,111.4
2026-08-11,Parker Washington,WR,112.0
2026-08-11,Hunter Henry,TE,113.6
2026-08-11,Dallas Goedert,TE,114.3
2026-08-11,J.K. Dobbins,RB,115.9
2026-08-11,Mark Andrews,TE,117.0
2026-08-11,Jake Ferguson,TE,117.1
2026-08-11,Dalton Schultz,TE,118.6
2026-08-11,Jordan Addison,WR,119.8
2026-08-11,Ty Simpson,QB,120.2
2026-08-11,George Kittle,TE,121.1
2026-08-11,Brian Robinson,RB,122.2
2026-08-11,Juwan Johnson,TE,123.6
2026-08-11,Wan'Dale Robinson,WR,125.0
2026-08-11,Brenton Strange,TE,125.0
2026-08-11,Travis Kelce,TE,126.1
2026-08-11,Michael Pittman,WR,127.0
2026-08-11,Kenyon Sadiq,TE,128.2
2026-08-11,Quentin Johnston,WR,129.2
2026-08-11,Aaron Jones,RB,130.8
2026-08-11,Kenneth Gainwell,RB,131.2
2026-08-11,Isaiah Likely,TE,132.9
2026-08-11,Stefon Diggs,WR,133.0
2026-08-11,Tyler Allgeier,RB,134.3
2026-08-11,Romeo Doubs,WR,135.8
2026-08-11,James Conner,RB,136.9
2026-08-11,Jayden Reed,WR,137.3
2026-08-11,Jacory Croskey-Merritt,RB,138.5
2026-08-11,Khalil Shakir,WR,140.0
2026-08-11,Xavier Worthy,WR,141.0
2026-08-11,Jauan Jennings,WR,141.0
2026-08-11,Jadarian Price,RB,143.0
2026-08-11,AJ Barner,TE,143.0
2026-08-11,Zach Charbonnet,RB,145.0
2026-08-11,Tua Tagovailoa,QB,146.0
2026-08-11,Jayden Higgins,WR,146.7
2026-08-11,T.J. Hockenson,TE,148.0
2026-08-11,Woody Marks,RB,148.8
2026-08-11,KC Concepcion,WR,149.9
2026-08-11,Michael Penix,QB,150.4
2026-08-11,J.J. McCarthy,QB,151.5
2026-08-11,David Njoku,TE,152.8
2026-08-11,Jalen Coker,WR,153.2
2026-08-11,Tyrone Tracy,RB,154.4
2026-08-11,Jordan Mason,RB,155.4
2026-08-11,Josh Downs,WR,156.2
2026-08-11,Emmett Johnson,RB,157.6
2026-08-11,Colby Parkinson,TE,158.1
2026-08-11,Jacoby Brissett,QB,159.6
2026-08-11,Chig Okonkwo,TE,161.0
2026-08-11,Trey Benson,RB,161.0
2026-08-11,Shedeur Sanders,QB,162.0
2026-08-11,Mason Taylor,TE,163.4
2026-08-11,Jonah Coleman,RB,164.1
2026-08-11,Eli Stowers,TE,165.2
2026-08-11,Alvin Kamara,RB,166.1
2026-08-11,Terrance Ferguson,TE,167.0
2026-08-11,Tyjae Spears,RB,168.0
2026-08-11,Rachaad White,RB,169.1
2026-08-11,Theo Johnson,TE,170.6
2026-08-11,Tyreek Hill,WR,171.0
2026-08-11,Cade Otton,TE,173.0
2026-08-11,Deebo Samuel,WR,173.4
2026-08-11,Omar Cooper,WR,174.5
2026-08-11,Dylan Sampson,RB,175.8
2026-08-11,Gunnar Helm,TE,176.4
2026-08-11,Denzel Boston,WR,177.9
2026-08-11,Antonio Williams,WR,179.8
2026-08-11,Travis Hunter,WR,180.4
2026-08-11,Mac Jones,QB,181.0
2026-08-11,Anthony Richardson,QB,182.2
2026-08-11,Matthew Golden,WR,184.0
2026-08-11,Jerry Jeudy,WR,185.0
2026-08-11,Braelon Allen,RB,185.4
2026-08-11,Geno Smith,QB,186.5
2026-08-11,Rashid Shaheed,WR,187.2
2026-08-11,Adonai Mitchell,WR,188.2
2026-08-11,Kayshon Boutte,WR,189.7
2026-08-11,Mike Washington,RB,190.6
2026-08-11,Jalen McMillan,WR,192.0
2026-08-11,Kimani Vidal,RB,193.0
2026-08-11,Chris Rodriguez,RB,193.8
2026-08-11,Jonathon Brooks,RB,194.1
2026-08-11,Troy Franklin,WR,195.2
2026-08-11,Pat Bryant,WR,196.1
2026-08-11,Tank Bigsby,RB,197.7
2026-08-11,Chimere Dike,WR,199.0
2026-08-11,Keaton Mitchell,RB,199.2
2026-08-11,Brandon Aiyuk,WR,200.0
2026-08-11,Isiah Pacheco,RB,201.4
2026-08-11,Jake Tonges,TE,202.4
2026-08-11,Sean Tucker,RB,204.0
2026-08-11,Tre' Harris,WR,204.8
2026-08-11,Calvin Ridley,WR,205.3
2026-08-11,Kaytron Allen,RB,206.7
2026-08-11,Ja'Kobi Lane,WR,207.3
2026-08-11,Isaac TeSlaa,WR,209.0
2026-08-11,Elic Ayomanor,WR,210.0
2026-08-11,Emanuel Wilson,RB,210.4
2026-08-11,Joe Mixon,RB,211.2
2026-08-11,Zachariah Branch,WR,212.8
2026-08-11,Tank Dell,WR,213.9
2026-08-11,Tre Tucker,WR,214.2
2026-08-11,Justin Fields,QB,216.0
2026-08-11,Garrett Nussmeier,QB,216.2
2026-08-11,Ray Davis,RB,217.1
2026-08-11,Nicholas Singleton,RB,218.9
2026-08-11,Aaron Rodgers,QB,219.9
2026-08-11,Devin Neal,RB,220.1
2026-08-11,Najee Harris,RB,221.2
2026-08-11,Jaylin Noel,WR,222.4
2026-08-11,Jaylen Wright,RB,223.3
2026-08-11,Kaleb Johnson,RB,224.7
2026-08-11,Demond Claiborne,RB,225.8
2026-08-11,Marvin Mims,WR,226.8
2026-08-11,Jalen Milroe,QB,227.2
2026-08-11,Germie Bernard,WR,228.4
2026-08-11,Darnell Mooney,WR,229.7
2026-08-11,Kyle Williams,WR,230.1
2026-08-11,Ted Hurst,WR,231.3
2026-08-11,Kendre Miller,RB,233.0
2026-08-11,Jalen Nailor,WR,233.1
2026-08-11,Brashard Smith,RB,234.7
2026-08-11,Ryan Flournoy,WR,235.5
2026-08-11,Tory Horton,WR,236.8
2026-08-11,Kirk Cousins,QB,237.7
2026-08-11,Elijah Sarratt,WR,238.5
2026-08-11,Chris Brazzell,WR,240.0
2026-08-11,Will Howard,QB,240.9
2026-08-11,Chris Bell,WR,241.9
2026-08-11,Rashod Bateman,WR,242.8
2026-08-11,Keenan Allen,WR,243.3
2026-08-11,Keon Coleman,WR,244.0
2026-08-11,Cooper Kupp,WR,245.5
2026-08-11,Jaydon Blue,RB,246.4
2026-08-11,Audric Estime,RB,247.1
2026-08-11,Jack Bech,WR,248.9
2026-08-11,Devaughn Vele,WR,249.1
2026-08-12,Josh Allen,QB,1.2
2026-08-12,Bijan Robinson,RB,2.4
2026-08-12,Drake Maye,QB,3.5
2026-08-12,Jahmyr Gibbs,RB,4.5
2026-08-12,Ja'Marr Chase,WR,5.2
2026-08-12,Puka Nacua,WR,6.4
2026-08-12,Jaxon Smith-Njigba,WR,7.2
2026-08-12,Jayden Daniels,QB,8.0
2026-08-12,Christian McCaffrey,RB,9.7
2026-08-12,Joe Burrow,QB,10.4
2026-08-12,Lamar Jackson,QB,11.1
2026-08-12,Jonathan Taylor,RB,12.5
2026-08-12,James Cook,RB,13.8
2026-08-12,Caleb Williams,QB,14.2
2026-08-12,CeeDee Lamb,WR,15.6
2026-08-12,Amon-Ra St. Brown,WR,16.3
2026-08-12,Justin Jefferson,WR,17.6
2026-08-12,Drake London,WR,18.6
2026-08-12,Kenneth Walker,RB,19.4
2026-08-12,Ashton Jeanty,RB,20.5
2026-08-12,De'Von Achane,RB,21.2
2026-08-12,Trey McBride,TE,22.3
2026-08-12,Jaxson Dart,QB,23.2
2026-08-12,Justin Herbert,QB,24.9
2026-08-12,Jalen Hurts,QB,25.3
2026-08-12,Patrick Mahomes,QB,26.1
2026-08-12,Omarion Hampton,RB,27.9
2026-08-12,Malik Nabers,WR,28.4
2026-08-12,Saquon Barkley,RB,29.3
2026-08-12,Jeremiyah Love,RB,31.0
2026-08-12,Trevor Lawrence,QB,32.0
2026-08-12,Nico Collins,WR,32.7
2026-08-12,Bo Nix,QB,33.4
2026-08-12,Chase Brown,RB,34.5
2026-08-12,George Pickens,WR,35.9
2026-08-12,Brock Purdy,QB,36.2
2026-08-12,Brock Bowers,TE,37.4
2026-08-12,Chris Olave,WR,39.0
2026-08-12,Fernando Mendoza,QB,39.5
2026-08-12,Josh Jacobs,RB,40.1
2026-08-12,A.J. Brown,WR,41.4
2026-08-12,Bucky Irving,RB,42.1
2026-08-12,Rashee Rice,WR,44.0
2026-08-12,Dak Prescott,QB,44.1
2026-08-12,Derrick Henry,RB,45.7
2026-08-12,Tee Higgins,WR,46.5
2026-08-12,Tetairoa McMillan,WR,47.2
2026-08-12,Breece Hall,RB,48.4
2026-08-12,Jordan Love,QB,50.0
2026-08-12,Kyren Williams,RB,50.6
2026-08-12,Garrett Wilson,WR,51.4
2026-08-12,Luther Burden,WR,52.8
2026-08-12,Travis Etienne,RB,54.0
2026-08-12,Javonte Williams,RB,54.8
2026-08-12,Jaylen Waddle,WR,55.3
2026-08-12,Davante Adams,WR,56.5
2026-08-12,Ladd McConkey,WR,57.3
2026-08-12,Colston Loveland,TE,58.4
2026-08-12,Zay Flowers,WR,60.0
2026-08-12,Jameson Williams,WR,60.9
2026-08-12,TreVeyon Henderson,RB,61.5
2026-08-12,DeVonta Smith,WR,63.0
2026-08-12,Emeka Egbuka,WR,63.7
2026-08-12,Baker Mayfield,QB,64.0
2026-08-12,Jared Goff,QB,65.1
2026-08-12,Terry McLaurin,WR,67.0
2026-08-12,Tyler Warren,TE,67.4
2026-08-12,RJ Harvey,RB,68.3
2026-08-12,DJ Moore,WR,69.9
2026-08-12,Cam Skattebo,RB,70.8
2026-08-12,Bhayshul Tuten,RB,71.2
2026-08-12,Cam Ward,QB,72.0
2026-08-12,Mike Evans,WR,73.1
2026-08-12,Carnell Tate,WR,74.2
2026-08-12,D'Andre Swift,RB,75.3
2026-08-12,C.J. Stroud,QB,76.4
2026-08-12,Quinshon Judkins,RB,77.3
2026-08-12,Tyler Shough,QB,78.9
2026-08-12,Harold Fannin,TE,79.7
2026-08-12,Sam Darnold,QB,80.8
2026-08-12,Christian Watson,WR,81.2
2026-08-12,David Montgomery,RB,82.7
2026-08-12,Jaylen Warren,RB,83.7
2026-08-12,Kyler Murray,QB,84.7
2026-08-12,Rome Odunze,WR,85.8
2026-08-12,Jordyn Tyson,WR,86.9
2026-08-12,Bryce Young,QB,87.3
2026-08-12,Matthew Stafford,QB,88.4
2026-08-12,Tucker Kraft,TE,89.5
2026-08-12,Courtland Sutton,WR,90.9
2026-08-12,Kyle Pitts,TE,91.1
2026-08-12,Daniel Jones,QB,93.0
2026-08-12,Malik Willis,QB,94.0
2026-08-12,DK Metcalf,WR,94.0
2026-08-12,Rhamondre Stevenson,RB,95.9
2026-08-12,Michael Wilson,WR,96.5
2026-08-12,Makai Lemon,WR,97.6
2026-08-12,Jakobi Meyers,WR,98.2
2026-08-12,Brian Thomas,WR,100.0
2026-08-12,Kyle Monangai,RB,100.7
2026-08-12,Sam LaPorta,TE,101.0
2026-08-12,Dalton Kincaid,TE,102.8
2026-08-12,Marvin Harrison,WR,103.1
2026-08-12,Tony Pollard,RB,104.5
2026-08-12,Rico Dowdle,RB,105.9
2026-08-12,Oronde Gadsden,TE,106.3
2026-08-12,Chuba Hubbard,RB,107.9
2026-08-12,Blake Corum,RB,108.0
2026-08-12,Ricky Pearsall,WR,109.5
2026-08-12,Alec Pierce,WR,110.9
2026-08-12,Chris Godwin,WR,111.4
2026-08-12,Parker Washington,WR,112.0
2026-08-12,Hunter Henry,TE,113.6
2026-08-12,Dallas Goedert,TE,114.3
2026-08-12,J.K. Dobbins,RB,115.9
2026-08-12,Mark Andrews,TE,117.0
2026-08-12,Jake Ferguson,TE,117.1
2026-08-12,Dalton Schultz,TE,118.6
2026-08-12,Jordan Addison,WR,119.8
2026-08-12,Ty Simpson,QB,120.2
2026-08-12,George Kittle,TE,121.1
2026-08-12,Brian Robinson,RB,122.2
2026-08-12,Juwan Johnson,TE,123.6
2026-08-12,Wan'Dale Robinson,WR,125.0
2026-08-12,Brenton Strange,TE,125.0
2026-08-12,Travis Kelce,TE,126.1
2026-08-12,Michael Pittman,WR,127.0
2026-08-12,Kenyon Sadiq,TE,128.2
2026-08-12,Quentin Johnston,WR,129.2
2026-08-12,Aaron Jones,RB,130.8
2026-08-12,Kenneth Gainwell,RB,131.2
2026-08-12,Isaiah Likely,TE,132.9
2026-08-12,Stefon Diggs,WR,133.0
2026-08-12,Tyler Allgeier,RB,134.3
2026-08-12,Romeo Doubs,WR,135.8
2026-08-12,James Conner,RB,136.9
2026-08-12,Jayden Reed,WR,137.3
2026-08-12,Jacory Croskey-Merritt,RB,138.5
2026-08-12,Khalil Shakir,WR,140.0
2026-08-12,Xavier Worthy,WR,141.0
2026-08-12,Jauan Jennings,WR,141.0
2026-08-12,Jadarian Price,RB,143.0
2026-08-12,AJ Barner,TE,143.0
2026-08-12,Zach Charbonnet,RB,145.0
2026-08-12,Tua Tagovailoa,QB,146.0
2026-08-12,Jayden Higgins,WR,146.7
2026-08-12,T.J. Hockenson,TE,148.0
2026-08-12,Woody Marks,RB,148.8
2026-08-12,KC Concepcion,WR,149.9
2026-08-12,Michael Penix,QB,150.4
2026-08-12,J.J. McCarthy,QB,151.5
2026-08-12,David Njoku,TE,152.8
2026-08-12,Jalen Coker,WR,153.2
2026-08-12,Tyrone Tracy,RB,154.4
2026-08-12,Jordan Mason,RB,155.4
2026-08-12,Josh Downs,WR,156.2
2026-08-12,Emmett Johnson,RB,157.6
2026-08-12,Colby Parkinson,TE,158.1
2026-08-12,Jacoby Brissett,QB,159.6
2026-08-12,Chig Okonkwo,TE,161.0
2026-08-12,Trey Benson,RB,161.0
2026-08-12,Shedeur Sanders,QB,162.0
2026-08-12,Mason Taylor,TE,163.4
2026-08-12,Jonah Coleman,RB,164.1
2026-08-12,Eli Stowers,TE,165.2
2026-08-12,Alvin Kamara,RB,166.1
2026-08-12,Terrance Ferguson,TE,167.0
2026-08-12,Tyjae Spears,RB,168.0
2026-08-12,Rachaad White,RB,169.1
2026-08-12,Theo Johnson,TE,170.6
2026-08-12,Tyreek Hill,WR,171.0
2026-08-12,Cade Otton,TE,173.0
2026-08-12,Deebo Samuel,WR,173.4
2026-08-12,Omar Cooper,WR,174.5
2026-08-12,Dylan Sampson,RB,175.8
2026-08-12,Gunnar Helm,TE,176.4
2026-08-12,Denzel Boston,WR,177.9
2026-08-12,Antonio Williams,WR,179.8
2026-08-12,Travis Hunter,WR,180.4
2026-08-12,Mac Jones,QB,181.0
2026-08-12,Anthony Richardson,QB,182.2
2026-08-12,Matthew Golden,WR,184.0
2026-08-12,Jerry Jeudy,WR,185.0
2026-08-12,Braelon Allen,RB,185.4
2026-08-12,Geno Smith,QB,186.5
2026-08-12,Rashid Shaheed,WR,187.2
2026-08-12,Adonai Mitchell,WR,188.2
2026-08-12,Kayshon Boutte,WR,189.7
2026-08-12,Mike Washington,RB,190.6
2026-08-12,Jalen McMillan,WR,192.0
2026-08-12,Kimani Vidal,RB,193.0
2026-08-12,Chris Rodriguez,RB,193.8
2026-08-12,Jonathon Brooks,RB,194.1
2026-08-12,Troy Franklin,WR,195.2
2026-08-12,Pat Bryant,WR,196.1
2026-08-12,Tank Bigsby,RB,197.7
2026-08-12,Chimere Dike,WR,199.0
2026-08-12,Keaton Mitchell,RB,199.2
2026-08-12,Brandon Aiyuk,WR,200.0
2026-08-12,Isiah Pacheco,RB,201.4
2026-08-12,Jake Tonges,TE,202.4
2026-08-12,Sean Tucker,RB,204.0
2026-08-12,Tre' Harris,WR,204.8
2026-08-12,Calvin Ridley,WR,205.3
2026-08-12,Kaytron Allen,RB,206.7
2026-08-12,Ja'Kobi Lane,WR,207.3
2026-08-12,Isaac TeSlaa,WR,209.0
2026-08-12,Elic Ayomanor,WR,210.0
2026-08-12,Emanuel Wilson,RB,210.4
2026-08-12,Joe Mixon,RB,211.2
2026-08-12,Zachariah Branch,WR,212.8
2026-08-12,Tank Dell,WR,213.9
2026-08-12,Tre Tucker,WR,214.2
2026-08-12,Justin Fields,QB,216.0
2026-08-12,Garrett Nussmeier,QB,216.2
2026-08-12,Ray Davis,RB,217.1
2026-08-12,Nicholas Singleton,RB,218.9
2026-08-12,Aaron Rodgers,QB,219.9
2026-08-12,Devin Neal,RB,220.1
2026-08-12,Najee Harris,RB,221.2
2026-08-12,Jaylin Noel,WR,222.4
2026-08-12,Jaylen Wright,RB,223.3
2026-08-12,Kaleb Johnson,RB,224.7
2026-08-12,Demond Claiborne,RB,225.8
2026-08-12,Marvin Mims,WR,226.8
2026-08-12,Jalen Milroe,QB,227.2
2026-08-12,Germie Bernard,WR,228.4
2026-08-12,Darnell Mooney,WR,229.7
2026-08-12,Kyle Williams,WR,230.1
2026-08-12,Ted Hurst,WR,231.3
2026-08-12,Kendre Miller,RB,233.0
2026-08-12,Jalen Nailor,WR,233.1
2026-08-12,Brashard Smith,RB,234.7
2026-08-12,Ryan Flournoy,WR,235.5
2026-08-12,Tory Horton,WR,236.8
2026-08-12,Kirk Cousins,QB,237.7
2026-08-12,Elijah Sarratt,WR,238.5
2026-08-12,Chris Brazzell,WR,240.0
2026-08-12,Will Howard,QB,240.9
2026-08-12,Chris Bell,WR,241.9
2026-08-12,Rashod Bateman,WR,242.8
2026-08-12,Keenan Allen,WR,243.3
2026-08-12,Keon Coleman,WR,244.0
2026-08-12,Cooper Kupp,WR,245.5
2026-08-12,Jaydon Blue,RB,246.4
2026-08-12,Audric Estime,RB,247.1
2026-08-12,Jack Bech,WR,248.9
2026-08-12,Devaughn Vele,WR,249.1
2026-08-14,Josh Allen,QB,1.2
2026-08-14,Bijan Robinson,RB,2.4
2026-08-14,Drake Maye,QB,3.5
2026-08-14,Jahmyr Gibbs,RB,4.5
2026-08-14,Ja'Marr Chase,WR,5.2
2026-08-14,Puka Nacua,WR,6.4
2026-08-14,Jaxon Smith-Njigba,WR,7.2
2026-08-14,Jayden Daniels,QB,8.0
2026-08-14,Christian McCaffrey,RB,9.7
2026-08-14,Joe Burrow,QB,10.4
2026-08-14,Lamar Jackson,QB,11.1
2026-08-14,Jonathan Taylor,RB,12.5
2026-08-14,James Cook,RB,13.8
2026-08-14,Caleb Williams,QB,14.2
2026-08-14,CeeDee Lamb,WR,15.6
2026-08-14,Amon-Ra St. Brown,WR,16.3
2026-08-14,Justin Jefferson,WR,17.6
2026-08-14,Drake London,WR,18.6
2026-08-14,Kenneth Walker,RB,19.4
2026-08-14,Ashton Jeanty,RB,20.5
2026-08-14,De'Von Achane,RB,21.2
2026-08-14,Trey McBride,TE,22.3
2026-08-14,Jaxson Dart,QB,23.2
2026-08-14,Justin Herbert,QB,24.9
2026-08-14,Jalen Hurts,QB,25.3
2026-08-14,Patrick Mahomes,QB,26.1
2026-08-14,Omarion Hampton,RB,27.9
2026-08-14,Malik Nabers,WR,28.4
2026-08-14,Saquon Barkley,RB,29.3
2026-08-14,Jeremiyah Love,RB,31.0
2026-08-14,Trevor Lawrence,QB,32.0
2026-08-14,Nico Collins,WR,32.7
2026-08-14,Bo Nix,QB,33.4
2026-08-14,Chase Brown,RB,34.5
2026-08-14,George Pickens,WR,35.9
2026-08-14,Brock Purdy,QB,36.2
2026-08-14,Brock Bowers,TE,37.4
2026-08-14,Chris Olave,WR,39.0
2026-08-14,Fernando Mendoza,QB,39.5
2026-08-14,Josh Jacobs,RB,40.1
2026-08-14,A.J. Brown,WR,41.4
2026-08-14,Bucky Irving,RB,42.1
2026-08-14,Rashee Rice,WR,44.0
2026-08-14,Dak Prescott,QB,44.1
2026-08-14,Derrick Henry,RB,45.7
2026-08-14,Tee Higgins,WR,46.5
2026-08-14,Tetairoa McMillan,WR,47.2
2026-08-14,Breece Hall,RB,48.4
2026-08-14,Jordan Love,QB,50.0
2026-08-14,Kyren Williams,RB,50.6
2026-08-14,Garrett Wilson,WR,51.4
2026-08-14,Luther Burden,WR,52.8
2026-08-14,Travis Etienne,RB,54.0
2026-08-14,Javonte Williams,RB,54.8
2026-08-14,Jaylen Waddle,WR,55.3
2026-08-14,Davante Adams,WR,56.5
2026-08-14,Ladd McConkey,WR,57.3
2026-08-14,Colston Loveland,TE,58.4
2026-08-14,Zay Flowers,WR,60.0
2026-08-14,Jameson Williams,WR,60.9
2026-08-14,TreVeyon Henderson,RB,61.5
2026-08-14,DeVonta Smith,WR,63.0
2026-08-14,Emeka Egbuka,WR,63.7
2026-08-14,Baker Mayfield,QB,64.0
2026-08-14,Jared Goff,QB,65.1
2026-08-14,Terry McLaurin,WR,67.0
2026-08-14,Tyler Warren,TE,67.4
2026-08-14,RJ Harvey,RB,68.3
2026-08-14,DJ Moore,WR,69.9
2026-08-14,Cam Skattebo,RB,70.8
2026-08-14,Bhayshul Tuten,RB,71.2
2026-08-14,Cam Ward,QB,72.0
2026-08-14,Mike Evans,WR,73.1
2026-08-14,Carnell Tate,WR,74.2
2026-08-14,D'Andre Swift,RB,75.3
2026-08-14,C.J. Stroud,QB,76.4
2026-08-14,Quinshon Judkins,RB,77.3
2026-08-14,Tyler Shough,QB,78.9
2026-08-14,Harold Fannin,TE,79.7
2026-08-14,Sam Darnold,QB,80.8
2026-08-14,Christian Watson,WR,81.2
2026-08-14,David Montgomery,RB,82.7
2026-08-14,Jaylen Warren,RB,83.7
2026-08-14,Kyler Murray,QB,84.7
2026-08-14,Rome Odunze,WR,85.8
2026-08-14,Jordyn Tyson,WR,86.9
2026-08-14,Bryce Young,QB,87.3
2026-08-14,Matthew Stafford,QB,88.4
2026-08-14,Tucker Kraft,TE,89.5
2026-08-14,Courtland Sutton,WR,90.9
2026-08-14,Kyle Pitts,TE,91.1
2026-08-14,Daniel Jones,QB,93.0
2026-08-14,Malik Willis,QB,94.0
2026-08-14,DK Metcalf,WR,94.0
2026-08-14,Rhamondre Stevenson,RB,95.9
2026-08-14,Michael Wilson,WR,96.5
2026-08-14,Makai Lemon,WR,97.6
2026-08-14,Jakobi Meyers,WR,98.2
2026-08-14,Brian Thomas,WR,100.0
2026-08-14,Kyle Monangai,RB,100.7
2026-08-14,Sam LaPorta,TE,101.0
2026-08-14,Dalton Kincaid,TE,102.8
2026-08-14,Marvin Harrison,WR,103.1
2026-08-14,Tony Pollard,RB,104.5
2026-08-14,Rico Dowdle,RB,105.9
2026-08-14,Oronde Gadsden,TE,106.3
2026-08-14,Chuba Hubbard,RB,107.9
2026-08-14,Blake Corum,RB,108.0
2026-08-14,Ricky Pearsall,WR,109.5
2026-08-14,Alec Pierce,WR,110.9
2026-08-14,Chris Godwin,WR,111.4
2026-08-14,Parker Washington,WR,112.0
2026-08-14,Hunter Henry,TE,113.6
2026-08-14,Dallas Goedert,TE,114.3
2026-08-14,J.K. Dobbins,RB,115.9
2026-08-14,Mark Andrews,TE,117.0
2026-08-14,Jake Ferguson,TE,117.1
2026-08-14,Dalton Schultz,TE,118.6
2026-08-14,Jordan Addison,WR,119.8
2026-08-14,Ty Simpson,QB,120.2
2026-08-14,George Kittle,TE,121.1
2026-08-14,Brian Robinson,RB,122.2
2026-08-14,Juwan Johnson,TE,123.6
2026-08-14,Wan'Dale Robinson,WR,125.0
2026-08-14,Brenton Strange,TE,125.0
2026-08-14,Travis Kelce,TE,126.1
2026-08-14,Michael Pittman,WR,127.0
2026-08-14,Kenyon Sadiq,TE,128.2
2026-08-14,Quentin Johnston,WR,129.2
2026-08-14,Aaron Jones,RB,130.8
2026-08-14,Kenneth Gainwell,RB,131.2
2026-08-14,Isaiah Likely,TE,132.9
2026-08-14,Stefon Diggs,WR,133.0
2026-08-14,Tyler Allgeier,RB,134.3
2026-08-14,Romeo Doubs,WR,135.8
2026-08-14,James Conner,RB,136.9
2026-08-14,Jayden Reed,WR,137.3
2026-08-14,Jacory Croskey-Merritt,RB,138.5
2026-08-14,Khalil Shakir,WR,140.0
2026-08-14,Xavier Worthy,WR,141.0
2026-08-14,Jauan Jennings,WR,141.0
2026-08-14,Jadarian Price,RB,143.0
2026-08-14,AJ Barner,TE,143.0
2026-08-14,Zach Charbonnet,RB,145.0
2026-08-14,Tua Tagovailoa,QB,146.0
2026-08-14,Jayden Higgins,WR,146.7
2026-08-14,T.J. Hockenson,TE,148.0
2026-08-14,Woody Marks,RB,148.8
2026-08-14,KC Concepcion,WR,149.9
2026-08-14,Michael Penix,QB,150.4
2026-08-14,J.J. McCarthy,QB,151.5
2026-08-14,David Njoku,TE,152.8
2026-08-14,Jalen Coker,WR,153.2
2026-08-14,Tyrone Tracy,RB,154.4
2026-08-14,Jordan Mason,RB,155.4
2026-08-14,Josh Downs,WR,156.2
2026-08-14,Emmett Johnson,RB,157.6
2026-08-14,Colby Parkinson,TE,158.1
2026-08-14,Jacoby Brissett,QB,159.6
2026-08-14,Chig Okonkwo,TE,161.0
2026-08-14,Trey Benson,RB,161.0
2026-08-14,Shedeur Sanders,QB,162.0
2026-08-14,Mason Taylor,TE,163.4
2026-08-14,Jonah Coleman,RB,164.1
2026-08-14,Eli Stowers,TE,165.2
2026-08-14,Alvin Kamara,RB,166.1
2026-08-14,Terrance Ferguson,TE,167.0
2026-08-14,Tyjae Spears,RB,168.0
2026-08-14,Rachaad White,RB,169.1
2026-08-14,Theo Johnson,TE,170.6
2026-08-14,Tyreek Hill,WR,171.0
2026-08-14,Cade Otton,TE,173.0
2026-08-14,Deebo Samuel,WR,173.4
2026-08-14,Omar Cooper,WR,174.5
2026-08-14,Dylan Sampson,RB,175.8
2026-08-14,Gunnar Helm,TE,176.4
2026-08-14,Denzel Boston,WR,177.9
2026-08-14,Antonio Williams,WR,179.8
2026-08-14,Travis Hunter,WR,180.4
2026-08-14,Mac Jones,QB,181.0
2026-08-14,Anthony Richardson,QB,182.2
2026-08-14,Matthew Golden,WR,184.0
2026-08-14,Jerry Jeudy,WR,185.0
2026-08-14,Braelon Allen,RB,185.4
2026-08-14,Geno Smith,QB,186.5
2026-08-14,Rashid Shaheed,WR,187.2
2026-08-14,Adonai Mitchell,WR,188.2
2026-08-14,Kayshon Boutte,WR,189.7
2026-08-14,Mike Washington,RB,190.6
2026-08-14,Jalen McMillan,WR,192.0
2026-08-14,Kimani Vidal,RB,193.0
2026-08-14,Chris Rodriguez,RB,193.8
2026-08-14,Jonathon Brooks,RB,194.1
2026-08-14,Troy Franklin,WR,195.2
2026-08-14,Pat Bryant,WR,196.1
2026-08-14,Tank Bigsby,RB,197.7
2026-08-14,Chimere Dike,WR,199.0
2026-08-14,Keaton Mitchell,RB,199.2
2026-08-14,Brandon Aiyuk,WR,200.0
2026-08-14,Isiah Pacheco,RB,201.4
2026-08-14,Jake Tonges,TE,202.4
2026-08-14,Sean Tucker,RB,204.0
2026-08-14,Tre' Harris,WR,204.8
2026-08-14,Calvin Ridley,WR,205.3
2026-08-14,Kaytron Allen,RB,206.7
2026-08-14,Ja'Kobi Lane,WR,207.3
2026-08-14,Isaac TeSlaa,WR,209.0
2026-08-14,Elic Ayomanor,WR,210.0
2026-08-14,Emanuel Wilson,RB,210.4
2026-08-14,Joe Mixon,RB,211.2
2026-08-14,Zachariah Branch,WR,212.8
2026-08-14,Tank Dell,WR,213.9
2026-08-14,Tre Tucker,WR,214.2
2026-08-14,Justin Fields,QB,216.0
2026-08-14,Garrett Nussmeier,QB,216.2
2026-08-14,Ray Davis,RB,217.1
2026-08-14,Nicholas Singleton,RB,218.9
2026-08-14,Aaron Rodgers,QB,219.9
2026-08-14,Devin Neal,RB,220.1
2026-08-14,Najee Harris,RB,221.2
2026-08-14,Jaylin Noel,WR,222.4
2026-08-14,Jaylen Wright,RB,223.3
2026-08-14,Kaleb Johnson,RB,224.7
2026-08-14,Demond Claiborne,RB,225.8
2026-08-14,Marvin Mims,WR,226.8
2026-08-14,Jalen Milroe,QB,227.2
2026-08-14,Germie Bernard,WR,228.4
2026-08-14,Darnell Mooney,WR,229.7
2026-08-14,Kyle Williams,WR,230.1
2026-08-14,Ted Hurst,WR,231.3
2026-08-14,Kendre Miller,RB,233.0
2026-08-14,Jalen Nailor,WR,233.1
2026-08-14,Brashard Smith,RB,234.7
2026-08-14,Ryan Flournoy,WR,235.5
2026-08-14,Tory Horton,WR,236.8
2026-08-14,Kirk Cousins,QB,237.7
2026-08-14,Elijah Sarratt,WR,238.5
2026-08-14,Chris Brazzell,WR,240.0
2026-08-14,Will Howard,QB,240.9
2026-08-14,Chris Bell,WR,241.9
2026-08-14,Rashod Bateman,WR,242.8
2026-08-14,Keenan Allen,WR,243.3
2026-08-14,Keon Coleman,WR,244.0
2026-08-14,Cooper Kupp,WR,245.5
2026-08-14,Jaydon Blue,RB,246.4
2026-08-14,Audric Estime,RB,247.1
2026-08-14,Jack Bech,WR,248.9
2026-08-14,Devaughn Vele,WR,249.1
2026-08-18,Josh Allen,QB,1.2
2026-08-18,Bijan Robinson,RB,2.4
2026-08-18,Drake Maye,QB,3.5
2026-08-18,Jahmyr Gibbs,RB,4.5
2026-08-18,Ja'Marr Chase,WR,5.2
2026-08-18,Puka Nacua,WR,6.4
2026-08-18,Jaxon Smith-Njigba,WR,7.2
2026-08-18,Jayden Daniels,QB,8.0
2026-08-18,Christian McCaffrey,RB,9.7
2026-08-18,Joe Burrow,QB,10.4
2026-08-18,Lamar Jackson,QB,11.1
2026-08-18,Jonathan Taylor,RB,12.5
2026-08-18,James Cook,RB,13.8
2026-08-18,Caleb Williams,QB,14.2
2026-08-18,CeeDee Lamb,WR,15.6
2026-08-18,Amon-Ra St. Brown,WR,16.3
2026-08-18,Justin Jefferson,WR,17.6
2026-08-18,Drake London,WR,18.6
2026-08-18,Kenneth Walker,RB,19.4
2026-08-18,Ashton Jeanty,RB,20.5
2026-08-18,De'Von Achane,RB,21.2
2026-08-18,Trey McBride,TE,22.3
2026-08-18,Jaxson Dart,QB,23.2
2026-08-18,Justin Herbert,QB,24.9
2026-08-18,Jalen Hurts,QB,25.3
2026-08-18,Patrick Mahomes,QB,26.1
2026-08-18,Omarion Hampton,RB,27.9
2026-08-18,Malik Nabers,WR,28.4
2026-08-18,Saquon Barkley,RB,29.3
2026-08-18,Jeremiyah Love,RB,31.0
2026-08-18,Trevor Lawrence,QB,32.0
2026-08-18,Nico Collins,WR,32.7
2026-08-18,Bo Nix,QB,33.4
2026-08-18,Chase Brown,RB,34.5
2026-08-18,George Pickens,WR,35.9
2026-08-18,Brock Purdy,QB,36.2
2026-08-18,Brock Bowers,TE,37.4
2026-08-18,Chris Olave,WR,39.0
2026-08-18,Fernando Mendoza,QB,39.5
2026-08-18,Josh Jacobs,RB,40.1
2026-08-18,A.J. Brown,WR,41.4
2026-08-18,Bucky Irving,RB,42.1
2026-08-18,Rashee Rice,WR,44.0
2026-08-18,Dak Prescott,QB,44.1
2026-08-18,Derrick Henry,RB,45.7
2026-08-18,Tee Higgins,WR,46.5
2026-08-18,Tetairoa McMillan,WR,47.2
2026-08-18,Breece Hall,RB,48.4
2026-08-18,Jordan Love,QB,50.0
2026-08-18,Kyren Williams,RB,50.6
2026-08-18,Garrett Wilson,WR,51.4
2026-08-18,Luther Burden,WR,52.8
2026-08-18,Travis Etienne,RB,54.0
2026-08-18,Javonte Williams,RB,54.8
2026-08-18,Jaylen Waddle,WR,55.3
2026-08-18,Davante Adams,WR,56.5
2026-08-18,Ladd McConkey,WR,57.3
2026-08-18,Colston Loveland,TE,58.4
2026-08-18,Zay Flowers,WR,60.0
2026-08-18,Jameson Williams,WR,60.9
2026-08-18,TreVeyon Henderson,RB,61.5
2026-08-18,DeVonta Smith,WR,63.0
2026-08-18,Emeka Egbuka,WR,63.7
2026-08-18,Baker Mayfield,QB,64.0
2026-08-18,Jared Goff,QB,65.1
2026-08-18,Terry McLaurin,WR,67.0
2026-08-18,Tyler Warren,TE,67.4
2026-08-18,RJ Harvey,RB,68.3
2026-08-18,DJ Moore,WR,69.9
2026-08-18,Cam Skattebo,RB,70.8
2026-08-18,Bhayshul Tuten,RB,71.2
2026-08-18,Cam Ward,QB,72.0
2026-08-18,Mike Evans,WR,73.1
2026-08-18,Carnell Tate,WR,74.2
2026-08-18,D'Andre Swift,RB,75.3
2026-08-18,C.J. Stroud,QB,76.4
2026-08-18,Quinshon Judkins,RB,77.3
2026-08-18,Tyler Shough,QB,78.9
2026-08-18,Harold Fannin,TE,79.7
2026-08-18,Sam Darnold,QB,80.8
2026-08-18,Christian Watson,WR,81.2
2026-08-18,David Montgomery,RB,82.7
2026-08-18,Jaylen Warren,RB,83.7
2026-08-18,Kyler Murray,QB,84.7
2026-08-18,Rome Odunze,WR,85.8
2026-08-18,Jordyn Tyson,WR,86.9
2026-08-18,Bryce Young,QB,87.3
2026-08-18,Matthew Stafford,QB,88.4
2026-08-18,Tucker Kraft,TE,89.5
2026-08-18,Courtland Sutton,WR,90.9
2026-08-18,Kyle Pitts,TE,91.1
2026-08-18,Daniel Jones,QB,93.0
2026-08-18,Malik Willis,QB,94.0
2026-08-18,DK Metcalf,WR,94.0
2026-08-18,Rhamondre Stevenson,RB,95.9
2026-08-18,Michael Wilson,WR,96.5
2026-08-18,Makai Lemon,WR,97.6
2026-08-18,Jakobi Meyers,WR,98.2
2026-08-18,Brian Thomas,WR,100.0
2026-08-18,Kyle Monangai,RB,100.7
2026-08-18,Sam LaPorta,TE,101.0
2026-08-18,Dalton Kincaid,TE,102.8
2026-08-18,Marvin Harrison,WR,103.1
2026-08-18,Tony Pollard,RB,104.5
2026-08-18,Rico Dowdle,RB,105.9
2026-08-18,Oronde Gadsden,TE,106.3
2026-08-18,Chuba Hubbard,RB,107.9
2026-08-18,Blake Corum,RB,108.0
2026-08-18,Ricky Pearsall,WR,109.5
2026-08-18,Alec Pierce,WR,110.9
2026-08-18,Chris Godwin,WR,111.4
2026-08-18,Parker Washington,WR,112.0
2026-08-18,Hunter Henry,TE,113.6
2026-08-18,Dallas Goedert,TE,114.3
2026-08-18,J.K. Dobbins,RB,115.9
2026-08-18,Mark Andrews,TE,117.0
2026-08-18,Jake Ferguson,TE,117.1
2026-08-18,Dalton Schultz,TE,118.6
2026-08-18,Jordan Addison,WR,119.8
2026-08-18,Ty Simpson,QB,120.2
2026-08-18,George Kittle,TE,121.1
2026-08-18,Brian Robinson,RB,122.2
2026-08-18,Juwan Johnson,TE,123.6
2026-08-18,Wan'Dale Robinson,WR,125.0
2026-08-18,Brenton Strange,TE,125.0
2026-08-18,Travis Kelce,TE,126.1
2026-08-18,Michael Pittman,WR,127.0
2026-08-18,Kenyon Sadiq,TE,128.2
2026-08-18,Quentin Johnston,WR,129.2
2026-08-18,Aaron Jones,RB,130.8
2026-08-18,Kenneth Gainwell,RB,131.2
2026-08-18,Isaiah Likely,TE,132.9
2026-08-18,Stefon Diggs,WR,133.0
2026-08-18,Tyler Allgeier,RB,134.3
2026-08-18,Romeo Doubs,WR,135.8
2026-08-18,James Conner,RB,136.9
2026-08-18,Jayden Reed,WR,137.3
2026-08-18,Jacory Croskey-Merritt,RB,138.5
2026-08-18,Khalil Shakir,WR,140.0
2026-08-18,Xavier Worthy,WR,141.0
2026-08-18,Jauan Jennings,WR,141.0
2026-08-18,Jadarian Price,RB,143.0
2026-08-18,AJ Barner,TE,143.0
2026-08-18,Zach Charbonnet,RB,145.0
2026-08-18,Tua Tagovailoa,QB,146.0
2026-08-18,Jayden Higgins,WR,146.7
2026-08-18,T.J. Hockenson,TE,148.0
2026-08-18,Woody Marks,RB,148.8
2026-08-18,KC Concepcion,WR,149.9
2026-08-18,Michael Penix,QB,150.4
2026-08-18,J.J. McCarthy,QB,151.5
2026-08-18,David Njoku,TE,152.8
2026-08-18,Jalen Coker,WR,153.2
2026-08-18,Tyrone Tracy,RB,154.4
2026-08-18,Jordan Mason,RB,155.4
2026-08-18,Josh Downs,WR,156.2
2026-08-18,Emmett Johnson,RB,157.6
2026-08-18,Colby Parkinson,TE,158.1
2026-08-18,Jacoby Brissett,QB,159.6
2026-08-18,Chig Okonkwo,TE,161.0
2026-08-18,Trey Benson,RB,161.0
2026-08-18,Shedeur Sanders,QB,162.0
2026-08-18,Mason Taylor,TE,163.4
2026-08-18,Jonah Coleman,RB,164.1
2026-08-18,Eli Stowers,TE,165.2
2026-08-18,Alvin Kamara,RB,166.1
2026-08-18,Terrance Ferguson,TE,167.0
2026-08-18,Tyjae Spears,RB,168.0
2026-08-18,Rachaad White,RB,169.1
2026-08-18,Theo Johnson,TE,170.6
2026-08-18,Tyreek Hill,WR,171.0
2026-08-18,Cade Otton,TE,173.0
2026-08-18,Deebo Samuel,WR,173.4
2026-08-18,Omar Cooper,WR,174.5
2026-08-18,Dylan Sampson,RB,175.8
2026-08-18,Gunnar Helm,TE,176.4
2026-08-18,Denzel Boston,WR,177.9
2026-08-18,Antonio Williams,WR,179.8
2026-08-18,Travis Hunter,WR,180.4
2026-08-18,Mac Jones,QB,181.0
2026-08-18,Anthony Richardson,QB,182.2
2026-08-18,Matthew Golden,WR,184.0
2026-08-18,Jerry Jeudy,WR,185.0
2026-08-18,Braelon Allen,RB,185.4
2026-08-18,Geno Smith,QB,186.5
2026-08-18,Rashid Shaheed,WR,187.2
2026-08-18,Adonai Mitchell,WR,188.2
2026-08-18,Kayshon Boutte,WR,189.7
2026-08-18,Mike Washington,RB,190.6
2026-08-18,Jalen McMillan,WR,192.0
2026-08-18,Kimani Vidal,RB,193.0
2026-08-18,Chris Rodriguez,RB,193.8
2026-08-18,Jonathon Brooks,RB,194.1
2026-08-18,Troy Franklin,WR,195.2
2026-08-18,Pat Bryant,WR,196.1
2026-08-18,Tank Bigsby,RB,197.7
2026-08-18,Chimere Dike,WR,199.0
2026-08-18,Keaton Mitchell,RB,199.2
2026-08-18,Brandon Aiyuk,WR,200.0
2026-08-18,Isiah Pacheco,RB,201.4
2026-08-18,Jake Tonges,TE,202.4
2026-08-18,Sean Tucker,RB,204.0
2026-08-18,Tre' Harris,WR,204.8
2026-08-18,Calvin Ridley,WR,205.3
2026-08-18,Kaytron Allen,RB,206.7
2026-08-18,Ja'Kobi Lane,WR,207.3
2026-08-18,Isaac TeSlaa,WR,209.0
2026-08-18,Elic Ayomanor,WR,210.0
2026-08-18,Emanuel Wilson,RB,210.4
2026-08-18,Joe Mixon,RB,211.2
2026-08-18,Zachariah Branch,WR,212.8
2026-08-18,Tank Dell,WR,213.9
2026-08-18,Tre Tucker,WR,214.2
2026-08-18,Justin Fields,QB,216.0
2026-08-18,Garrett Nussmeier,QB,216.2
2026-08-18,Ray Davis,RB,217.1
2026-08-18,Nicholas Singleton,RB,218.9
2026-08-18,Aaron Rodgers,QB,219.9
2026-08-18,Devin Neal,RB,220.1
2026-08-18,Najee Harris,RB,221.2
2026-08-18,Jaylin Noel,WR,222.4
2026-08-18,Jaylen Wright,RB,223.3
2026-08-18,Kaleb Johnson,RB,224.7
2026-08-18,Demond Claiborne,RB,225.8
2026-08-18,Marvin Mims,WR,226.8
2026-08-18,Jalen Milroe,QB,227.2
2026-08-18,Germie Bernard,WR,228.4
2026-08-18,Darnell Mooney,WR,229.7
2026-08-18,Kyle Williams,WR,230.1
2026-08-18,Ted Hurst,WR,231.3
2026-08-18,Kendre Miller,RB,233.0
2026-08-18,Jalen Nailor,WR,233.1
2026-08-18,Brashard Smith,RB,234.7
2026-08-18,Ryan Flournoy,WR,235.5
2026-08-18,Tory Horton,WR,236.8
2026-08-18,Kirk Cousins,QB,237.7
2026-08-18,Elijah Sarratt,WR,238.5
2026-08-18,Chris Brazzell,WR,240.0
2026-08-18,Will Howard,QB,240.9
2026-08-18,Chris Bell,WR,241.9
2026-08-18,Rashod Bateman,WR,242.8
2026-08-18,Keenan Allen,WR,243.3
2026-08-18,Keon Coleman,WR,244.0
2026-08-18,Cooper Kupp,WR,245.5
2026-08-18,Jaydon Blue,RB,246.4
2026-08-18,Audric Estime,RB,247.1
2026-08-18,Jack Bech,WR,248.9
2026-08-18,Devaughn Vele,WR,249.1
2026-08-25,Josh Allen,QB,1.2
2026-08-25,Bijan Robinson,RB,2.4
2026-08-25,Drake Maye,QB,3.5
2026-08-25,Jahmyr Gibbs,RB,4.5
2026-08-25,Ja'Marr Chase,WR,5.2
2026-08-25,Puka Nacua,WR,6.4
2026-08-25,Jaxon Smith-Njigba,WR,7.2
2026-08-25,Jayden Daniels,QB,8.0
2026-08-25,Christian McCaffrey,RB,9.7
2026-08-25,Joe Burrow,QB,10.4
2026-08-25,Lamar Jackson,QB,11.1
2026-08-25,Jonathan Taylor,RB,12.5
2026-08-25,James Cook,RB,13.8
2026-08-25,Caleb Williams,QB,14.2
2026-08-25,CeeDee Lamb,WR,15.6
2026-08-25,Amon-Ra St. Brown,WR,16.3
2026-08-25,Justin Jefferson,WR,17.6
2026-08-25,Drake London,WR,18.6
2026-08-25,Kenneth Walker,RB,19.4
2026-08-25,Ashton Jeanty,RB,20.5
2026-08-25,De'Von Achane,RB,21.2
2026-08-25,Trey McBride,TE,22.3
2026-08-25,Jaxson Dart,QB,23.2
2026-08-25,Justin Herbert,QB,24.9
2026-08-25,Jalen Hurts,QB,25.3
2026-08-25,Patrick Mahomes,QB,26.1
2026-08-25,Omarion Hampton,RB,27.9
2026-08-25,Malik Nabers,WR,28.4
2026-08-25,Saquon Barkley,RB,29.3
2026-08-25,Jeremiyah Love,RB,31.0
2026-08-25,Trevor Lawrence,QB,32.0
2026-08-25,Nico Collins,WR,32.7
2026-08-25,Bo Nix,QB,33.4
2026-08-25,Chase Brown,RB,34.5
2026-08-25,George Pickens,WR,35.9
2026-08-25,Brock Purdy,QB,36.2
2026-08-25,Brock Bowers,TE,37.4
2026-08-25,Chris Olave,WR,39.0
2026-08-25,Fernando Mendoza,QB,39.5
2026-08-25,Josh Jacobs,RB,40.1
2026-08-25,A.J. Brown,WR,41.4
2026-08-25,Bucky Irving,RB,42.1
2026-08-25,Rashee Rice,WR,44.0
2026-08-25,Dak Prescott,QB,44.1
2026-08-25,Derrick Henry,RB,45.7
2026-08-25,Tee Higgins,WR,46.5
2026-08-25,Tetairoa McMillan,WR,47.2
2026-08-25,Breece Hall,RB,48.4
2026-08-25,Jordan Love,QB,50.0
2026-08-25,Kyren Williams,RB,50.6
2026-08-25,Garrett Wilson,WR,51.4
2026-08-25,Luther Burden,WR,52.8
2026-08-25,Travis Etienne,RB,54.0
2026-08-25,Javonte Williams,RB,54.8
2026-08-25,Jaylen Waddle,WR,55.3
2026-08-25,Davante Adams,WR,56.5
2026-08-25,Ladd McConkey,WR,57.3
2026-08-25,Colston Loveland,TE,58.4
2026-08-25,Zay Flowers,WR,60.0
2026-08-25,Jameson Williams,WR,60.9
2026-08-25,TreVeyon Henderson,RB,61.5
2026-08-25,DeVonta Smith,WR,63.0
2026-08-25,Emeka Egbuka,WR,63.7
2026-08-25,Baker Mayfield,QB,64.0
2026-08-25,Jared Goff,QB,65.1
2026-08-25,Terry McLaurin,WR,67.0
2026-08-25,Tyler Warren,TE,67.4
2026-08-25,RJ Harvey,RB,68.3
2026-08-25,DJ Moore,WR,69.9
2026-08-25,Cam Skattebo,RB,70.8
2026-08-25,Bhayshul Tuten,RB,71.2
2026-08-25,Cam Ward,QB,72.0
2026-08-25,Mike Evans,WR,73.1
2026-08-25,Carnell Tate,WR,74.2
2026-08-25,D'Andre Swift,RB,75.3
2026-08-25,C.J. Stroud,QB,76.4
2026-08-25,Quinshon Judkins,RB,77.3
2026-08-25,Tyler Shough,QB,78.9
2026-08-25,Harold Fannin,TE,79.7
2026-08-25,Sam Darnold,QB,80.8
2026-08-25,Christian Watson,WR,81.2
2026-08-25,David Montgomery,RB,82.7
2026-08-25,Jaylen Warren,RB,83.7
2026-08-25,Kyler Murray,QB,84.7
2026-08-25,Rome Odunze,WR,85.8
2026-08-25,Jordyn Tyson,WR,86.9
2026-08-25,Bryce Young,QB,87.3
2026-08-25,Matthew Stafford,QB,88.4
2026-08-25,Tucker Kraft,TE,89.5
2026-08-25,Courtland Sutton,WR,90.9
2026-08-25,Kyle Pitts,TE,91.1
2026-08-25,Daniel Jones,QB,93.0
2026-08-25,Malik Willis,QB,94.0
2026-08-25,DK Metcalf,WR,94.0
2026-08-25,Rhamondre Stevenson,RB,95.9
2026-08-25,Michael Wilson,WR,96.5
2026-08-25,Makai Lemon,WR,97.6
2026-08-25,Jakobi Meyers,WR,98.2
2026-08-25,Brian Thomas,WR,100.0
2026-08-25,Kyle Monangai,RB,100.7
2026-08-25,Sam LaPorta,TE,101.0
2026-08-25,Dalton Kincaid,TE,102.8
2026-08-25,Marvin Harrison,WR,103.1
2026-08-25,Tony Pollard,RB,104.5
2026-08-25,Rico Dowdle,RB,105.9
2026-08-25,Oronde Gadsden,TE,106.3
2026-08-25,Chuba Hubbard,RB,107.9
2026-08-25,Blake Corum,RB,108.0
2026-08-25,Ricky Pearsall,WR,109.5
2026-08-25,Alec Pierce,WR,110.9
2026-08-25,Chris Godwin,WR,111.4
2026-08-25,Parker Washington,WR,112.0
2026-08-25,Hunter Henry,TE,113.6
2026-08-25,Dallas Goedert,TE,114.3
2026-08-25,J.K. Dobbins,RB,115.9
2026-08-25,Mark Andrews,TE,117.0
2026-08-25,Jake Ferguson,TE,117.1
2026-08-25,Dalton Schultz,TE,118.6
2026-08-25,Jordan Addison,WR,119.8
2026-08-25,Ty Simpson,QB,120.2
2026-08-25,George Kittle,TE,121.1
2026-08-25,Brian Robinson,RB,122.2
2026-08-25,Juwan Johnson,TE,123.6
2026-08-25,Wan'Dale Robinson,WR,125.0
2026-08-25,Brenton Strange,TE,125.0
2026-08-25,Travis Kelce,TE,126.1
2026-08-25,Michael Pittman,WR,127.0
2026-08-25,Kenyon Sadiq,TE,128.2
2026-08-25,Quentin Johnston,WR,129.2
2026-08-25,Aaron Jones,RB,130.8
2026-08-25,Kenneth Gainwell,RB,131.2
2026-08-25,Isaiah Likely,TE,132.9
2026-08-25,Stefon Diggs,WR,133.0
2026-08-25,Tyler Allgeier,RB,134.3
2026-08-25,Romeo Doubs,WR,135.8
2026-08-25,James Conner,RB,136.9
2026-08-25,Jayden Reed,WR,137.3
2026-08-25,Jacory Croskey-Merritt,RB,138.5
2026-08-25,Khalil Shakir,WR,140.0
2026-08-25,Xavier Worthy,WR,141.0
2026-08-25,Jauan Jennings,WR,141.0
2026-08-25,Jadarian Price,RB,143.0
2026-08-25,AJ Barner,TE,143.0
2026-08-25,Zach Charbonnet,RB,145.0
2026-08-25,Tua Tagovailoa,QB,146.0
2026-08-25,Jayden Higgins,WR,146.7
2026-08-25,T.J. Hockenson,TE,148.0
2026-08-25,Woody Marks,RB,148.8
2026-08-25,KC Concepcion,WR,149.9
2026-08-25,Michael Penix,QB,150.4
2026-08-25,J.J. McCarthy,QB,151.5
2026-08-25,David Njoku,TE,152.8
2026-08-25,Jalen Coker,WR,153.2
2026-08-25,Tyrone Tracy,RB,154.4
2026-08-25,Jordan Mason,RB,155.4
2026-08-25,Josh Downs,WR,156.2
2026-08-25,Emmett Johnson,RB,157.6
2026-08-25,Colby Parkinson,TE,158.1
2026-08-25,Jacoby Brissett,QB,159.6
2026-08-25,Chig Okonkwo,TE,161.0
2026-08-25,Trey Benson,RB,161.0
2026-08-25,Shedeur Sanders,QB,162.0
2026-08-25,Mason Taylor,TE,163.4
2026-08-25,Jonah Coleman,RB,164.1
2026-08-25,Eli Stowers,TE,165.2
2026-08-25,Alvin Kamara,RB,166.1
2026-08-25,Terrance Ferguson,TE,167.0
2026-08-25,Tyjae Spears,RB,168.0
2026-08-25,Rachaad White,RB,169.1
2026-08-25,Theo Johnson,TE,170.6
2026-08-25,Tyreek Hill,WR,171.0
2026-08-25,Cade Otton,TE,173.0
2026-08-25,Deebo Samuel,WR,173.4
2026-08-25,Omar Cooper,WR,174.5
2026-08-25,Dylan Sampson,RB,175.8
2026-08-25,Gunnar Helm,TE,176.4
2026-08-25,Denzel Boston,WR,177.9
2026-08-25,Antonio Williams,WR,179.8
2026-08-25,Travis Hunter,WR,180.4
2026-08-25,Mac Jones,QB,181.0
2026-08-25,Anthony Richardson,QB,182.2
2026-08-25,Matthew Golden,WR,184.0
2026-08-25,Jerry Jeudy,WR,185.0
2026-08-25,Braelon Allen,RB,185.4
2026-08-25,Geno Smith,QB,186.5
2026-08-25,Rashid Shaheed,WR,187.2
2026-08-25,Adonai Mitchell,WR,188.2
2026-08-25,Kayshon Boutte,WR,189.7
2026-08-25,Mike Washington,RB,190.6
2026-08-25,Jalen McMillan,WR,192.0
2026-08-25,Kimani Vidal,RB,193.0
2026-08-25,Chris Rodriguez,RB,193.8
2026-08-25,Jonathon Brooks,RB,194.1
2026-08-25,Troy Franklin,WR,195.2
2026-08-25,Pat Bryant,WR,196.1
2026-08-25,Tank Bigsby,RB,197.7
2026-08-25,Chimere Dike,WR,199.0
2026-08-25,Keaton Mitchell,RB,199.2
2026-08-25,Brandon Aiyuk,WR,200.0
2026-08-25,Isiah Pacheco,RB,201.4
2026-08-25,Jake Tonges,TE,202.4
2026-08-25,Sean Tucker,RB,204.0
2026-08-25,Tre' Harris,WR,204.8
2026-08-25,Calvin Ridley,WR,205.3
2026-08-25,Kaytron Allen,RB,206.7
2026-08-25,Ja'Kobi Lane,WR,207.3
2026-08-25,Isaac TeSlaa,WR,209.0
2026-08-25,Elic Ayomanor,WR,210.0
2026-08-25,Emanuel Wilson,RB,210.4
2026-08-25,Joe Mixon,RB,211.2
2026-08-25,Zachariah Branch,WR,212.8
2026-08-25,Tank Dell,WR,213.9
2026-08-25,Tre Tucker,WR,214.2
2026-08-25,Justin Fields,QB,216.0
2026-08-25,Garrett Nussmeier,QB,216.2
2026-08-25,Ray Davis,RB,217.1
2026-08-25,Nicholas Singleton,RB,218.9
2026-08-25,Aaron Rodgers,QB,219.9
2026-08-25,Devin Neal,RB,220.1
2026-08-25,Najee Harris,RB,221.2
2026-08-25,Jaylin Noel,WR,222.4
2026-08-25,Jaylen Wright,RB,223.3
2026-08-25,Kaleb Johnson,RB,224.7
2026-08-25,Demond Claiborne,RB,225.8
2026-08-25,Marvin Mims,WR,226.8
2026-08-25,Jalen Milroe,QB,227.2
2026-08-25,Germie Bernard,WR,228.4
2026-08-25,Darnell Mooney,WR,229.7
2026-08-25,Kyle Williams,WR,230.1
2026-08-25,Ted Hurst,WR,231.3
2026-08-25,Kendre Miller,RB,233.0
2026-08-25,Jalen Nailor,WR,233.1
2026-08-25,Brashard Smith,RB,234.7
2026-08-25,Ryan Flournoy,WR,235.5
2026-08-25,Tory Horton,WR,236.8
2026-08-25,Kirk Cousins,QB,237.7
2026-08-25,Elijah Sarratt,WR,238.5
2026-08-25,Chris Brazzell,WR,240.0
2026-08-25,Will Howard,QB,240.9
2026-08-25,Chris Bell,WR,241.9
2026-08-25,Rashod Bateman,WR,242.8
2026-08-25,Keenan Allen,WR,243.3
2026-08-25,Keon Coleman,WR,244.0
2026-08-25,Cooper Kupp,WR,245.5
2026-08-25,Jaydon Blue,RB,246.4
2026-08-25,Audric Estime,RB,247.1
2026-08-25,Jack Bech,WR,248.9
2026-08-25,Devaughn Vele,WR,249.1
